store_id,week_start_date,weekly_sales,store_area,num_employees,store_rating,holiday_flag,temperature,fuel_price,cpi,unemployment
Store_6,01-01-2023,16362.45487,1033.279769,49,2.7,0,30.0059233,138.7751525,128.5941843,9.061988538
Store_2,01-01-2023,3317.526628,2546.162027,23,5,0,39.28402588,130.8858539,133.7591855,8.654070713
Store_13,01-01-2023,8142.460897,4824.188574,29,1.8,1,24.54532161,116.1466205,141.4951676,3.81355675
Store_19,01-01-2023,3719.635649,2124.017996,43,2.4,1,6.5718558,113.6105635,129.957741,9.674836728
Store_8,01-01-2023,8562.687108,4432.093084,45,8.8,1,29.3843014,67.88410685,156.440628,5.955248809
Store_3,01-01-2023,18609.62943,1497.473596,37,5.9,0,21.38059745,140.0760162,140.142803,12.9814236
Store_2,01-01-2023,9274.52579,3888.572942,96,3.9,0,27.04990923,105.5295825,122.9425342,9.404704964
Store_20,01-01-2023,17436.12208,2729.384906,36,7.9,1,16.18154498,91.74482839,154.9430122,5.167858825
Store_19,01-01-2023,6956.861137,4112.100973,69,1.7,0,34.67690363,117.177927,130.7989455,6.291142202
Store_14,08-01-2023,8033.744853,3520.988878,57,2.7,0,38.57886087,126.0464606,132.6902087,12.45742728
Store_8,08-01-2023,17670.41165,4464.382534,75,1.6,0,32.20905312,107.0312508,133.4222881,8.015634523
Store_19,08-01-2023,4060.777485,4561.638069,75,9.3,1,22.31379023,89.3681886,155.1246079,10.11787195
Store_15,08-01-2023,14034.30764,3865.588448,19,2.8,1,10.03470934,144.5673537,156.5833774,4.388102684
Store_12,08-01-2023,15263.72741,2285.982805,41,4,0,1.574345449,95.34162306,152.1321829,5.767663683
Store_17,08-01-2023,12087.93136,2306.970168,21,1.8,1,14.82714013,118.6024224,154.3349352,8.860018956
Store_7,08-01-2023,14015.89819,1929.537292,67,9.6,1,27.44745974,137.0024926,148.3506253,6.158954098
Store_11,08-01-2023,16869.21734,3001.604583,86,4.7,0,33.321163,140.8410107,151.6103962,3.347960932
Store_12,08-01-2023,8130.874998,1269.023656,67,2,0,0.253655625,117.0253976,136.3208037,12.28723355
Store_12,08-01-2023,15102.90753,1206.674887,22,4.2,0,23.9262966,98.64050355,135.7996108,3.187719544
Store_6,15-01-2023,19196.02436,2838.659482,84,6.3,0,19.19115121,127.1243074,149.2682109,10.7252473
Store_17,15-01-2023,16720.13594,4576.37721,33,3.8,0,-3.417833738,68.26251303,129.9983592,11.88935841
Store_12,15-01-2023,12811.7192,4285.553452,43,9.8,0,21.66220656,84.29665197,120.1208349,4.346892864
Store_8,15-01-2023,11493.1932,3177.015864,32,1.4,1,15.73204771,115.423578,138.5047709,6.727211657
Store_16,15-01-2023,13424.08292,3691.486674,18,7.7,0,27.27316512,136.162495,144.777803,12.18941151
Store_19,15-01-2023,12490.52303,3163.620015,39,7.7,1,16.78959127,75.60211731,154.3468822,11.59275664
Store_8,15-01-2023,9592.907214,4217.97857,80,7.5,1,3.41082834,122.8615157,137.0562423,11.06093809
Store_20,15-01-2023,3227.101569,3076.129121,15,2.1,1,23.41949704,72.97162837,143.0808161,7.381004079
Store_2,15-01-2023,13422.48352,1407.572403,24,9.2,1,16.83700341,77.47050328,148.3470688,13.15841392
Store_3,15-01-2023,15076.31087,4243.514324,96,3.8,1,20.36816957,62.71026138,159.0431333,11.42597194
Store_15,15-01-2023,12942.29167,4387.875417,99,3.1,0,37.55717988,132.3744462,137.8909187,8.119102813
Store_14,15-01-2023,4184.955527,1914.707118,46,7.7,0,34.36447281,54.00690863,153.048695,9.771612776
Store_1,22-01-2023,17155.97395,1144.075273,23,1.4,1,20.77476294,127.851588,126.7903399,7.712821371
Store_7,22-01-2023,10306.59436,4924.770117,81,4.2,1,36.95200978,97.07059473,138.1304709,14.31131652
Store_17,22-01-2023,3249.629169,1000.538772,11,8.1,0,13.72724259,81.64687841,120.8363805,4.474934191
Store_9,22-01-2023,5943.238564,3593.27203,69,5.3,1,-1.397146886,133.2893595,132.372969,11.83220842
Store_17,22-01-2023,2935.218396,3594.01928,37,4.1,0,23.72009868,85.49951158,147.8412563,6.470139046
Store_4,22-01-2023,5335.943232,4839.451211,31,8.6,0,27.52776418,63.42024263,146.1609231,5.850193447
Store_16,22-01-2023,2461.557185,3294.115806,49,5.9,1,-0.343622136,104.5083413,150.4813088,9.038630486
Store_2,29-01-2023,17132.6545,2677.791976,67,9.8,1,19.82705674,105.6709257,134.7895124,11.6713407
Store_19,29-01-2023,7513.642978,4043.405324,75,2,1,37.38575143,89.43411464,150.7368428,9.57134381
Store_14,29-01-2023,15846.01666,1048.412467,65,9,1,33.52691299,145.9592148,152.0540823,8.819907415
Store_20,29-01-2023,14997.27689,3652.188767,56,8.7,0,-2.658931024,140.7463176,131.5994957,13.66956643
Store_4,29-01-2023,8398.874188,1726.455871,76,6.8,1,1.806892801,82.45066492,154.6941856,11.51765656
Store_10,29-01-2023,11105.34847,4570.23291,76,2.9,1,19.48488808,113.7404612,143.4077914,12.15942228
Store_1,29-01-2023,13555.48701,3413.972384,46,2.9,0,21.8219618,100.3133555,155.1681735,6.706330791
Store_13,29-01-2023,6915.27458,4144.822609,63,9.7,1,2.686616784,127.0437803,149.2205862,12.57531827
Store_1,29-01-2023,15031.515,1751.681523,31,4.1,0,37.98288222,131.0603848,153.1285103,10.04184534
Store_15,05-02-2023,3421.444919,3465.201944,25,4.3,1,-3.538103149,114.4756727,136.6486812,7.558806268
Store_6,05-02-2023,4026.447027,3929.604196,24,1.4,1,14.62317161,96.91774961,125.2136289,14.38895524
Store_4,05-02-2023,14640.65779,1033.454728,90,6,1,39.13425285,128.6975799,138.2926644,9.353228886
Store_2,05-02-2023,7067.381571,1007.968541,38,6.4,1,-2.379297613,89.0376446,129.1224727,9.995981757
Store_11,05-02-2023,11419.93336,4359.206427,32,2.1,0,27.60510591,86.41210568,121.133498,14.32113729
Store_15,05-02-2023,4780.27545,4301.662656,27,6.2,1,21.83771199,67.66823142,148.5661259,12.26997415
Store_3,05-02-2023,8256.287436,3815.428367,49,6.4,0,34.89679487,86.66377001,144.2279696,9.036819872
Store_16,05-02-2023,4983.941723,2074.135024,23,8,1,24.85706553,54.38810884,159.2411796,5.02869299
Store_5,05-02-2023,3594.807734,4310.025279,86,2.5,0,-3.538815274,132.2760243,127.2500102,4.513629436
Store_8,05-02-2023,5843.204594,4785.826053,14,4.7,0,9.541534778,107.3975175,144.3811404,12.41024615
Store_3,12-02-2023,3084.813025,3770.129726,49,7.6,1,23.95430273,58.96522312,125.5888227,11.69306808
Store_17,12-02-2023,12997.6578,3090.306397,21,8.9,1,37.12794539,65.97494602,123.5087057,11.05641611
Store_2,12-02-2023,11783.68791,2590.449514,45,5.6,0,-4.186350851,140.3953065,144.9096511,6.649863054
Store_19,12-02-2023,6105.435895,1289.265901,29,4.6,1,8.96669001,78.68466456,127.8576526,8.902511514
Store_7,12-02-2023,2539.524618,2557.92758,52,4.1,1,20.77466245,125.6356055,138.0009696,12.92589778
Store_3,12-02-2023,16970.54679,1652.141348,72,1.4,1,20.27175285,149.168614,129.4403172,5.782315367
Store_6,12-02-2023,17340.74974,1230.928637,79,7.9,0,0.676194611,77.96014326,145.628409,3.010870023
Store_9,12-02-2023,6676.637757,1587.850838,39,8.5,0,30.55374625,94.67721588,144.1205545,3.063890287
Store_7,12-02-2023,11635.58237,2552.662825,22,1.5,1,23.01461457,85.98249006,141.1923623,6.872204485
Store_9,12-02-2023,6982.65754,1302.798909,94,9.8,0,22.17067408,60.93559031,152.412132,9.016211924
Store_4,19-02-2023,10035.5513,1353.539788,60,3.2,0,-1.102110762,62.01592587,128.8610861,4.607294633
Store_17,19-02-2023,6305.241876,1094.379859,29,3.8,0,6.045450814,111.5552623,157.6158814,4.890006577
Store_12,19-02-2023,5260.688292,3961.904528,89,4.6,0,20.62737663,61.32434516,126.5572688,8.025107886
Store_1,19-02-2023,16781.56909,4212.008288,59,5.8,0,35.57340533,61.9271672,120.7212804,14.20095985
Store_2,19-02-2023,16464.86364,2083.225312,74,2.4,1,3.700265513,69.378913,153.0123361,14.30761125
Store_1,19-02-2023,8329.20837,2197.582353,31,6.8,1,-0.607548285,58.9700919,136.9829043,5.576934029
Store_12,19-02-2023,7705.03858,2567.437493,88,7.7,0,7.062123432,86.82954677,152.1416711,8.844192486
Store_11,19-02-2023,7422.774694,1966.147367,73,4.1,1,37.3575518,96.01026266,143.5081291,5.266442241
Store_18,19-02-2023,8843.521138,1801.898062,47,1.5,1,35.81434833,140.3273622,153.6314029,11.68296841
Store_13,19-02-2023,5147.865869,1637.96905,25,7.3,1,32.24246176,90.2785534,129.0734841,7.913375252
Store_12,26-02-2023,17779.71371,1005.895288,30,8.3,1,24.6505813,130.4374414,149.2441193,10.23369039
Store_13,26-02-2023,17709.56911,3874.958471,76,8.9,0,6.802344482,91.5774801,120.4610406,7.819837509
Store_19,26-02-2023,5644.650083,1218.53768,47,4.1,0,38.94203475,122.0333369,139.9847365,14.31958077
Store_18,26-02-2023,7355.872124,3364.521213,85,7.9,1,6.620206597,98.41844983,124.2205459,12.0592824
Store_9,26-02-2023,9036.307926,4554.636321,65,8.8,0,7.133350395,143.8719302,133.6773797,8.949833672
Store_10,26-02-2023,10481.02218,2075.414058,83,2,1,26.93816882,144.0639999,145.8648453,13.27542154
Store_20,26-02-2023,3429.548642,2986.781691,13,7.8,1,7.22729195,71.93893892,159.4539969,8.769434018
Store_10,26-02-2023,5873.633696,3696.521182,52,7.2,1,8.901297528,104.0765631,146.773934,10.73887589
Store_15,05-03-2023,19496.09593,1405.49159,90,4.4,1,34.00696686,116.1901576,145.1647031,8.954633754
Store_18,05-03-2023,9454.335546,1302.420162,48,4.7,0,38.45244241,106.632288,135.2563524,6.641438597
Store_4,05-03-2023,17220.87853,3381.213064,19,6.5,1,36.40171738,108.079683,147.1044473,11.61524428
Store_3,05-03-2023,6770.83571,3666.401916,92,9.1,0,19.61119812,57.85362428,144.709077,12.75514086
Store_7,05-03-2023,19864.70304,4803.090831,22,8.4,0,-4.249780223,58.54084828,138.5875787,13.51550818
Store_7,05-03-2023,17709.14451,3814.799119,47,3.7,1,38.65525989,127.1224815,159.8320947,11.11370146
Store_13,05-03-2023,2787.303302,3545.497126,21,6,0,20.29498972,86.71696257,135.7268174,7.825876582
Store_1,05-03-2023,16633.7433,1249.830374,86,8.4,0,8.571409144,91.51071769,158.1652657,13.1427067
Store_14,12-03-2023,16867.60783,2710.405335,20,9.3,1,37.52576924,69.71060388,122.0674272,13.25215179
Store_16,12-03-2023,9145.667307,1847.976219,27,5.7,0,14.02089788,57.77124184,145.090336,10.38749276
Store_6,12-03-2023,5024.255739,4624.444009,19,4.6,0,23.20390068,123.6794569,133.6419149,14.68430562
Store_9,12-03-2023,16108.25212,1150.284362,98,7.8,1,0.698670648,76.16713666,152.0468601,4.625026198
Store_14,12-03-2023,17403.27066,1641.850457,15,4.3,0,38.55390547,108.881027,143.0200407,13.51576764
Store_4,12-03-2023,12389.59796,4756.273918,75,1.1,1,13.91123208,53.76973904,130.9765053,12.89667797
Store_1,12-03-2023,16687.0449,1961.595652,36,7,0,16.23561298,130.2656244,133.4525091,13.30956432
Store_20,12-03-2023,13414.55849,4708.442515,63,2.2,0,10.22655397,113.3268917,137.481349,5.3012815
Store_19,12-03-2023,17951.52405,3967.585308,96,7.9,0,0.114071741,62.24814169,145.1562058,8.6141902
Store_3,12-03-2023,10249.41155,1821.331755,79,8.8,0,19.74446145,105.2338013,154.3941796,6.926654198
Store_2,12-03-2023,11968.44033,4288.719547,80,6.4,1,18.3106907,140.9005589,127.9252297,12.8052256
Store_11,19-03-2023,3722.861999,3561.904169,93,2.5,0,24.35265008,85.50152661,138.2200678,4.716976745
Store_18,19-03-2023,5565.75739,1795.968556,28,2.1,0,32.94151893,97.34349336,141.9208599,7.406085773
Store_15,19-03-2023,6984.280773,3357.815958,13,5.6,1,7.124775084,86.25832126,144.2040649,7.414166174
Store_5,19-03-2023,6043.081013,2486.896266,10,4.6,0,26.515655,143.2648101,138.0394601,8.473526507
Store_5,19-03-2023,3689.431127,3130.016266,31,7.7,1,3.605895808,149.89047,125.664454,6.075059087
Store_5,19-03-2023,3046.948319,1005.414503,13,2.6,0,21.36137774,91.19465486,136.4384243,9.850236307
Store_16,19-03-2023,15779.23218,1717.022448,87,8.9,0,2.013319145,104.176032,132.6673742,4.119448617
Store_12,19-03-2023,7612.690396,1502.200859,58,2.3,0,30.00932372,130.1913953,151.842741,10.54465664
Store_1,19-03-2023,19352.31333,3264.722765,45,3.9,1,0.095405047,136.10334,159.8405113,8.305873657
Store_13,19-03-2023,12781.61315,4482.107865,52,7.1,0,9.413443412,110.4004998,137.6618916,5.267157765
Store_8,19-03-2023,9102.369361,1021.253903,62,9.6,0,30.66428954,106.0348674,126.2705179,14.26930438
Store_3,19-03-2023,6223.557473,3665.541654,88,5,1,13.78223238,141.4749329,142.732766,9.881995019
Store_20,19-03-2023,13230.12505,2895.239314,32,4.1,1,25.81263237,81.72591744,140.3902827,4.05607233
Store_3,26-03-2023,15524.75155,1526.860114,23,9.8,1,-1.736495737,144.7306899,122.6356866,9.846736855
Store_13,26-03-2023,9378.288015,2381.367809,40,1.9,0,13.33335466,135.9747806,122.0907467,13.24738156
Store_17,26-03-2023,16401.27744,4084.491263,64,3.1,0,33.36441902,54.36609287,127.6420747,4.034990056
Store_19,26-03-2023,3297.518048,3489.373058,65,3.6,0,34.25775535,133.1245805,123.8301679,11.69892326
Store_20,26-03-2023,13460.05428,4842.507902,74,7.3,1,19.39068843,74.07125857,129.1370341,5.444608719
Store_15,26-03-2023,14016.68094,4479.876639,68,4.6,1,5.592246785,115.5435978,157.5020135,3.110899061
Store_14,26-03-2023,6655.175028,4860.061478,12,3.1,0,-2.046826032,114.1579681,122.7858347,10.96445375
Store_5,26-03-2023,3282.6211,4924.711347,15,1.1,0,22.59023076,126.6768356,156.9028962,8.232579576
Store_6,26-03-2023,18373.28275,1461.578569,61,4.2,1,22.69430118,110.7762769,145.7133356,7.562339976
Store_5,02-04-2023,15943.40805,1888.303483,95,6.1,0,27.39985612,88.34811226,140.9774538,14.96388603
Store_15,02-04-2023,15272.42739,3118.638896,42,9.9,1,4.041010286,110.1686609,145.4819021,10.15769493
Store_17,02-04-2023,6934.891998,2085.637522,95,9.5,1,-0.493025112,61.05431663,124.9220849,6.099172295
Store_11,02-04-2023,15685.21682,4244.49508,22,8.2,1,22.73308368,50.70965325,122.2853088,9.777829955
Store_17,02-04-2023,13087.7381,3156.378211,39,8.1,0,27.52076085,70.13991028,159.5304846,12.50403751
Store_1,02-04-2023,6517.399904,3074.803978,57,3.1,1,29.06170803,78.45119597,133.3180099,8.910262248
Store_11,02-04-2023,11386.0224,1686.775631,96,4.6,0,32.84932768,103.6410383,146.9406715,8.382510592
Store_8,02-04-2023,12868.31815,1679.524024,36,9.7,0,34.97224884,85.09756239,155.5025229,12.29372903
Store_9,02-04-2023,13396.72476,1264.039377,46,2.5,0,35.95882559,50.14283431,129.8882429,14.49402365
Store_15,02-04-2023,12055.56314,2078.047449,82,5.4,1,-1.46705592,64.81007986,131.474675,3.738068838
Store_19,02-04-2023,3278.137962,3315.227018,93,5.4,1,20.16114954,127.9531682,152.121821,4.747544862
Store_20,09-04-2023,13816.61493,4678.124099,92,2.5,1,21.71088645,128.3971851,159.1893734,4.743432117
Store_4,09-04-2023,3429.318524,3971.525975,56,9.6,0,24.035694,89.62772625,142.1795646,9.498075385
Store_19,09-04-2023,12942.29385,4066.060198,28,1.5,0,32.58598271,104.7616101,151.2542487,4.13354911
Store_13,09-04-2023,15621.5271,3826.51948,24,8.4,1,24.37276557,137.50087,149.6880404,7.033984063
Store_17,09-04-2023,18393.86291,3442.18702,39,2.5,0,3.962060392,98.52556041,125.3406221,8.613628944
Store_18,09-04-2023,11594.51961,3993.537399,93,1.7,0,11.92857109,133.2994139,127.1451551,6.028965756
Store_1,09-04-2023,11486.74635,1231.377798,55,8,0,4.543655686,126.6304071,143.410435,13.722415
Store_5,09-04-2023,18231.71586,4374.598656,17,1.2,1,20.5086295,92.94478971,151.3581007,7.512501493
Store_19,09-04-2023,4532.807505,3550.752988,77,9.4,0,37.00359072,148.9349514,131.9468863,4.199182525
Store_10,16-04-2023,10076.48521,2501.319632,95,6.6,0,28.96723563,106.1876956,157.4397672,9.227248371
Store_15,16-04-2023,16895.68212,2462.722993,37,9.8,0,10.37066742,126.3294912,125.6347442,13.36722969
Store_8,16-04-2023,11331.3444,4979.277176,20,7.6,1,-1.75040666,142.8507752,124.6721643,6.55278612
Store_7,16-04-2023,13885.44895,1989.361263,75,4.7,0,28.90640225,136.5645036,150.889611,3.890962312
Store_3,16-04-2023,19332.68375,1354.418856,97,9.7,0,25.90053753,90.78942368,146.4948744,4.212338958
Store_5,23-04-2023,10350.78476,4003.759193,44,4.1,1,24.2825973,136.8801096,151.7081362,4.206364304
Store_2,23-04-2023,17516.26068,1077.310524,76,2.7,0,27.34146697,96.05825507,126.0198199,6.269606208
Store_7,23-04-2023,19458.41683,3214.845941,96,6.8,1,7.339580011,91.05986972,147.5657343,8.389778433
Store_15,23-04-2023,3026.984981,2160.182128,63,6.4,1,24.2614782,61.26092293,135.0900794,8.716059522
Store_9,23-04-2023,11719.22835,2192.208835,41,4.2,0,5.641371051,69.36238098,144.5816407,11.78945555
Store_5,23-04-2023,10373.70102,4155.729887,66,9.6,0,11.25472265,131.1104566,154.2691979,6.622015931
Store_19,23-04-2023,7844.166684,4831.736484,39,9.2,0,30.60898214,69.89297798,159.3060965,4.397346289
Store_19,23-04-2023,11734.28759,4683.066434,34,9.5,0,7.314987321,95.49507768,152.4465042,12.02882944
Store_14,23-04-2023,14494.71032,4256.502742,85,2.6,0,6.099540108,106.1150212,154.1015496,7.511260505
Store_3,23-04-2023,2167.969157,3027.681752,93,2.9,0,29.91392793,142.3223747,137.7328128,3.852294812
Store_20,23-04-2023,12685.89424,2255.307233,49,1.8,1,-4.617698963,96.48547808,136.5277792,10.64998564
Store_8,23-04-2023,13703.61966,2173.234443,50,4.7,1,18.27724764,79.1867177,120.093899,4.005649909
Store_6,23-04-2023,13775.14283,3529.128615,24,4.9,1,12.041651,83.85540274,123.8766931,11.81384448
Store_10,23-04-2023,15847.48809,1783.332337,70,8.2,0,-4.680868425,72.86707514,149.1548204,14.16969207
Store_17,23-04-2023,13075.36445,1054.982216,79,4.4,0,19.55873559,98.23562086,128.2429512,10.39469102
Store_13,30-04-2023,12587.64081,4226.774079,98,3.8,1,29.03395436,96.08687353,144.3428637,11.95357174
Store_9,30-04-2023,2217.952554,1760.430599,95,5.5,1,2.07417476,85.06426915,142.7388881,10.56041493
Store_16,30-04-2023,2755.122022,3915.445769,52,2.8,1,11.02302846,78.42882891,145.6883855,11.52251818
Store_16,30-04-2023,15478.87407,2169.532442,90,3.8,0,15.49595074,98.01349396,140.6848355,6.418232119
Store_12,30-04-2023,6090.853291,4047.192766,55,3.6,1,13.24622543,85.55297972,147.5813684,10.07364964
Store_11,30-04-2023,14647.40792,3242.71318,29,5.7,0,24.1383908,137.0797172,137.7439881,13.60797332
Store_10,30-04-2023,19703.38651,3453.16674,72,7.9,0,7.488526221,56.64053535,135.8297932,9.663159871
Store_16,30-04-2023,3765.486454,3523.687161,62,2.4,1,-1.066243646,86.21816028,121.311995,11.83535879
Store_2,30-04-2023,7838.007556,3963.616225,33,4.6,0,36.79435395,135.9502976,156.2377587,9.924640101
Store_7,30-04-2023,9398.379355,4091.238293,11,9.4,1,-2.000307658,85.48457234,141.4966775,3.896950844
Store_19,07-05-2023,11110.55353,1067.79066,68,4.4,0,4.921171645,135.1489182,135.7910127,9.644738777
Store_13,07-05-2023,6263.670062,3828.345909,38,6.8,1,6.377683031,147.508717,131.3016345,12.50353217
Store_18,07-05-2023,8718.532249,1812.892364,90,1.2,1,15.15872454,116.1860312,136.5771925,14.55444593
Store_20,07-05-2023,17821.62021,2348.826302,82,7.7,0,10.62798134,75.70960894,133.1989958,7.100542552
Store_7,07-05-2023,8361.584827,4178.062178,51,5,1,28.18441486,140.5756791,144.9880268,12.64931095
Store_19,07-05-2023,7168.483246,1754.162423,15,6.7,1,9.018053456,113.9386421,153.1412104,4.1819357
Store_6,07-05-2023,12768.05529,3857.306543,72,5.9,0,27.54986368,96.18064816,135.3983489,10.25940016
Store_4,14-05-2023,14948.3652,1801.128071,83,3.5,1,7.882593795,103.3616931,151.4028745,8.531635107
Store_7,14-05-2023,2425.494549,4915.924461,12,7.6,1,13.23387142,98.19001671,121.2329847,13.29467022
Store_13,14-05-2023,12558.95234,2620.410778,97,6.2,0,11.88946056,78.72576949,121.0296964,4.516441703
Store_11,14-05-2023,13624.80295,1996.034944,23,4,1,31.31981591,140.4034986,126.1873939,3.526855364
Store_4,14-05-2023,7601.914911,2306.556998,79,7.9,1,37.14565981,83.64503518,145.6100366,5.464418216
Store_11,14-05-2023,14399.93544,2326.258796,53,9.7,1,15.59940757,51.8358384,146.4290957,4.658785041
Store_4,14-05-2023,16201.73288,1750.889623,74,8.5,1,28.28034617,50.12844255,155.400613,4.734182687
Store_20,14-05-2023,2940.641827,2329.824629,26,7.7,1,30.13069336,144.7427998,143.5732658,7.607386731
Store_7,14-05-2023,2867.816699,1805.248431,64,2.6,0,33.28837408,84.5627037,150.7908923,14.3660474
Store_11,14-05-2023,13810.91308,2129.914976,76,3.3,0,16.89172446,53.42979013,139.2450277,6.040777291
Store_5,14-05-2023,15789.16598,2415.156635,88,6.5,1,28.75723748,131.0259131,158.3694174,5.824886986
Store_12,14-05-2023,3944.463574,2501.875714,26,4.1,1,-4.551384437,62.97829657,158.8891884,14.14825063
Store_14,14-05-2023,2099.104385,4872.263248,11,6.4,1,30.12120123,116.8753254,132.6441955,5.576821501
Store_17,14-05-2023,16506.6572,1796.8611,23,2.3,0,15.16384693,126.8764181,145.8888913,7.482795432
Store_14,14-05-2023,8915.720834,2251.111957,29,9.3,1,13.28648824,106.5863074,127.1999847,3.858036292
Store_11,21-05-2023,10106.31762,4298.972949,16,4,0,16.14119447,134.9600175,138.1348242,5.327927475
Store_16,21-05-2023,13822.04189,1061.579567,54,1.5,1,37.82660829,60.61300193,122.8366477,9.459916464
Store_12,21-05-2023,4184.92891,4132.793653,90,3.1,0,29.95696153,90.30387579,154.1338599,10.12332653
Store_14,21-05-2023,14852.5876,1265.853303,13,3.3,1,-3.883225485,108.5375423,137.7645202,13.68988958
Store_17,21-05-2023,18865.24081,2666.017728,69,1.5,1,15.49277074,57.19067173,122.2132955,9.06890758
Store_9,28-05-2023,12083.0273,2731.067518,27,9.2,1,0.461736605,135.9324951,134.3817258,7.83133726
Store_3,28-05-2023,4094.595162,3954.389833,15,4.6,1,32.34728169,84.02229945,155.682974,3.052314959
Store_10,28-05-2023,8291.114698,2105.276434,28,7.5,1,36.39066573,131.9427854,148.4069307,7.016823919
Store_10,28-05-2023,18757.07652,1556.786805,93,5.6,1,3.284559551,107.2283815,121.5344622,8.204684434
Store_19,28-05-2023,12175.94458,2673.335456,72,5.6,1,23.98958572,111.3170361,148.109532,3.226570543
Store_2,28-05-2023,15896.22457,4778.945035,89,4.8,1,4.338017292,70.78238415,143.5118162,13.15581615
Store_15,28-05-2023,9605.87171,1775.452272,78,2.9,1,9.156443504,147.0668028,129.6602491,9.417611723
Store_5,28-05-2023,8389.933505,2270.347181,31,8.5,1,23.33576179,83.37042076,130.278092,3.486110075
Store_1,28-05-2023,11222.548,3754.526517,84,3.3,0,27.12810765,89.82502349,154.9301743,14.0183179
Store_17,28-05-2023,16302.40902,2663.100414,78,9.5,0,19.26372074,120.7947827,147.5643633,3.534840489
Store_2,04-06-2023,2198.56276,1563.211796,25,4,0,25.61128097,138.2495105,157.2765093,5.949003746
Store_3,04-06-2023,12852.97178,3323.80152,25,4.4,0,10.20994515,54.38468525,152.35911,5.387001765
Store_6,04-06-2023,9596.616682,2087.784158,41,5.3,0,26.36558563,141.9870934,156.7615311,10.44999159
Store_8,04-06-2023,6667.34166,4355.989311,90,3.2,0,4.455299917,90.95609273,126.1177275,7.894619122
Store_2,04-06-2023,19300.43874,3829.588,70,9.4,1,15.24117958,52.38841913,144.1703806,3.25952391
Store_4,04-06-2023,17117.50345,1307.448301,26,4.5,0,2.865157819,78.5186596,148.5328692,13.78366714
Store_3,11-06-2023,16446.54223,2733.888931,25,1.8,0,31.34316413,144.6378653,149.3331163,8.564109669
Store_5,11-06-2023,9277.737826,3730.468885,69,6.1,0,38.44518856,89.84787621,137.1554973,4.687840071
Store_18,11-06-2023,11298.30731,3167.043857,19,8.3,0,4.980077137,71.2850086,126.8057096,14.47223653
Store_2,11-06-2023,8765.989133,3002.414285,61,4.2,1,33.25597306,91.33424599,156.2339756,3.955741548
Store_8,11-06-2023,5188.69621,2209.332997,78,2.1,0,28.3757858,58.8773267,122.8891739,5.363443563
Store_16,11-06-2023,18750.71386,3606.559042,90,1.5,0,23.26137091,112.0001333,157.6071934,11.05814169
Store_11,11-06-2023,2226.93536,4291.93522,27,4.4,1,2.57064606,54.97810015,157.6386315,10.59212442
Store_1,11-06-2023,18310.57859,1036.216646,26,1.1,1,25.18272964,80.32810261,121.1668267,11.49988859
Store_6,18-06-2023,17429.22663,3893.791271,52,8.7,1,18.59146242,102.6594943,130.8269842,7.198340331
Store_4,18-06-2023,8622.933523,1904.501325,61,5.4,1,36.54787095,90.80404616,158.9497033,9.480350307
Store_3,18-06-2023,15166.93683,3951.669573,78,4.2,1,24.29372853,119.3863342,127.1919125,13.12113355
Store_12,18-06-2023,6540.338363,3023.831631,85,7.5,0,13.15839966,144.3310112,145.2709937,14.06998676
Store_2,18-06-2023,5453.611845,3518.230788,47,1.7,1,-1.022136478,129.9691862,124.2796504,13.09628126
Store_1,18-06-2023,7270.796661,1116.679055,22,6,0,23.76408232,94.57298209,151.775369,8.451248692
Store_4,18-06-2023,14045.60473,3422.551557,61,6.7,0,13.25714909,90.47058743,135.2792018,13.45526221
Store_1,18-06-2023,9175.9345,1039.695285,81,1.7,0,10.09330661,50.36563113,139.6181763,9.943024183
Store_14,18-06-2023,10074.99136,1897.173933,79,8.7,0,25.24267762,107.1897522,141.1933556,13.3458355
Store_16,18-06-2023,3479.090015,3260.34125,26,1.2,0,-0.973709474,124.7651825,155.7636548,10.90731353
Store_13,18-06-2023,18112.11933,1967.908521,21,3.4,1,-4.402345844,144.6902899,146.1910301,6.026183782
Store_14,18-06-2023,16651.46485,1986.41454,33,9.3,1,39.46062829,62.87544374,133.4880814,11.01122056
Store_2,18-06-2023,12121.34269,2735.269678,62,9.8,1,-1.818652632,71.35374779,133.4378461,6.948068756
Store_3,18-06-2023,14467.26714,2037.339589,72,1,0,25.38538769,136.4994976,125.8981204,7.953099843
Store_18,25-06-2023,4352.786781,4770.897276,17,3.2,0,7.65780536,81.0034024,139.0143627,6.760432877
Store_1,25-06-2023,17156.5993,1421.459689,18,8.2,1,4.517803718,91.62849285,153.2864981,14.19735865
Store_15,25-06-2023,19191.08921,4006.98797,49,3.7,0,19.9579221,58.46487536,156.3822171,3.939293769
Store_3,25-06-2023,10096.12368,4965.311606,99,8.5,1,5.544627954,136.7152151,145.6402423,7.680792789
Store_17,25-06-2023,9490.771967,3489.654566,11,7.6,1,32.14479531,52.01217219,131.1548771,9.923509801
Store_16,25-06-2023,14411.48152,2776.174997,47,1.8,0,-0.245734455,94.18537081,144.8585769,7.945123316
Store_17,25-06-2023,11343.07624,3044.516557,40,3.5,0,2.494233107,127.3995087,128.9236007,5.436847115
Store_16,25-06-2023,8482.455334,1209.420081,47,6.1,1,-4.101218034,140.9586695,125.4548442,9.891522477
Store_16,25-06-2023,8229.795078,2070.370707,41,6,1,16.86485228,143.1731425,152.9059171,11.27641842
Store_5,25-06-2023,11817.77365,4805.692883,25,5.8,1,32.91422032,130.5891169,152.6751194,12.72864808
Store_5,25-06-2023,14188.17152,3992.735648,45,9.7,1,8.875845475,71.12082586,155.0995697,11.84673213
Store_6,25-06-2023,2624.064801,2715.777334,63,6.6,0,38.59666108,105.7424745,142.6028913,14.64687999
Store_18,25-06-2023,3992.97068,3012.52989,17,9.7,1,9.808320076,116.9611257,120.1487864,5.787280377
Store_20,02-07-2023,19219.06318,1629.092833,70,1.7,1,13.113686,63.55168736,136.2962109,8.315245461
Store_10,02-07-2023,8021.203197,4788.362668,49,2,1,32.63978818,124.9725747,131.9380264,3.913199868
Store_5,02-07-2023,5316.047106,3856.210894,50,8.4,1,20.97340043,115.4907123,149.8697323,7.438663508
Store_9,02-07-2023,3740.176094,2975.256162,57,6.8,1,14.44302783,141.852153,155.0624196,9.138434331
Store_18,02-07-2023,3173.682643,4531.975299,83,8.9,1,34.04754188,104.4881686,137.6509735,10.33135831
Store_2,02-07-2023,19408.27907,1250.105183,31,2.5,0,13.3914803,123.8150755,156.1239003,5.496294753
Store_15,09-07-2023,14177.24094,3504.937286,34,5.9,1,31.57829372,84.67187612,151.1151082,3.427345803
Store_4,09-07-2023,13449.72884,1859.650548,51,6.9,0,27.08564313,94.9598906,147.1820735,12.92073178
Store_18,09-07-2023,18021.74663,4603.843583,19,1.4,1,21.1714977,78.10738854,146.215328,7.782024346
Store_6,09-07-2023,12479.57744,4516.74309,87,1.3,1,15.42814749,69.2016251,153.8942022,9.122554998
Store_2,09-07-2023,15384.69049,4373.304671,86,3.2,0,16.71218772,63.82455656,129.917298,6.494679823
Store_11,09-07-2023,12091.8817,1313.823265,14,7,1,36.99368127,112.6259275,158.5527064,6.874812823
Store_8,09-07-2023,9399.720847,2336.199863,99,4.1,1,30.93040773,144.6075618,154.8510795,4.116364497
Store_15,16-07-2023,9178.810056,1437.056841,12,1.9,0,2.593724728,59.85468514,121.3370613,12.67164154
Store_9,16-07-2023,3471.056223,2057.105053,22,8.8,0,13.01484408,82.06627547,136.5135759,12.24977426
Store_13,16-07-2023,11348.94547,3440.029668,52,1,1,6.50498005,80.14561864,140.3894204,6.483404128
Store_19,16-07-2023,10266.3178,3494.595113,99,7.4,1,8.637959253,98.48587397,144.4597941,4.752202867
Store_12,16-07-2023,12270.97544,2389.108156,13,9.6,0,38.32296627,63.49784861,139.0796766,4.869019474
Store_16,16-07-2023,15943.76356,4909.231632,58,2.6,0,31.16620533,75.04829467,153.5763215,6.439926975
Store_15,16-07-2023,11421.0364,1453.214019,70,1.4,0,30.88392493,136.2770777,143.6348769,8.403182322
Store_2,16-07-2023,16406.41714,2104.678231,55,2.1,0,31.93820542,51.28216495,124.1357975,13.14893854
Store_18,16-07-2023,7842.544938,2850.70242,13,7.3,0,24.06675519,57.27362618,153.5136552,5.256702798
Store_11,16-07-2023,6946.50864,1291.607341,20,8.3,0,7.05987701,138.1297546,124.1178458,7.78271069
Store_4,16-07-2023,5687.862935,2251.629577,40,3.8,1,11.40548924,59.45563448,136.8978316,9.49425667
Store_5,16-07-2023,12904.02649,4226.660212,54,9.7,1,34.1293526,81.31820507,136.725264,11.39655693
Store_13,16-07-2023,15423.20809,3090.040724,71,4.4,1,37.4694872,91.59136543,150.8164715,11.60884266
Store_15,16-07-2023,10253.41416,1155.752067,78,4.1,1,20.01418664,140.1177623,131.338446,3.570998311
Store_20,16-07-2023,3577.569442,4070.270514,92,2.7,1,21.39707818,113.3889462,127.8675423,10.46435375
Store_13,23-07-2023,16447.57958,1939.89362,71,2.3,1,30.46158173,109.2568183,129.6398503,11.74165135
Store_17,23-07-2023,14893.82099,1292.326248,32,5.6,0,2.757386295,68.67725282,147.4913202,9.304325782
Store_12,23-07-2023,13590.27656,2286.679959,99,2.6,1,-0.447547117,65.22282139,152.2438699,8.106670532
Store_10,23-07-2023,14463.85072,4290.139178,37,3.7,1,30.77996271,78.55796162,120.0286743,7.84258345
Store_4,23-07-2023,2103.655889,1595.183878,80,7.2,0,1.597655072,104.3484429,132.2495698,5.675400103
Store_6,23-07-2023,8994.045823,3354.926089,31,7.6,0,21.7158079,130.3212123,143.7193899,3.144839224
Store_12,23-07-2023,2377.009299,1650.798975,37,2.8,1,19.58114201,85.64047358,138.253037,3.466484364
Store_10,23-07-2023,3176.590836,3696.079676,58,7.8,0,10.78194046,100.9113385,142.312405,7.828446474
Store_3,23-07-2023,11839.66796,1410.27185,90,3.8,0,34.3012503,90.45195245,141.5353675,6.611028878
Store_2,30-07-2023,10568.32633,1967.573176,66,2.9,1,31.23036439,56.0683069,126.4655078,6.299750304
Store_15,30-07-2023,10748.00889,2056.247939,98,9.3,0,12.39081539,132.064156,137.9264349,8.954111113
Store_20,30-07-2023,18932.22641,1100.773656,88,3.4,1,21.70733871,73.36247636,120.271527,8.151873188
Store_17,30-07-2023,12994.04128,1267.894448,41,9.1,0,0.87854717,57.83382178,159.1197369,8.571268432
Store_1,30-07-2023,10693.4397,4268.512568,26,5.9,1,1.10319772,100.1935581,140.8064089,14.44704965
Store_16,30-07-2023,15610.93992,3530.847515,85,1.5,1,21.79366607,65.65292134,138.2264329,3.502564726
Store_17,06-08-2023,11800.80376,4776.168375,73,6.2,0,36.03033006,85.1709818,132.4681329,4.043274728
Store_13,06-08-2023,15767.89871,4572.360821,22,6.7,1,25.45690196,135.7029028,122.8950557,13.66943227
Store_3,06-08-2023,19623.88888,2964.382918,91,4.4,0,24.88055026,117.4186949,126.2532575,12.3694258
Store_12,06-08-2023,19217.02517,4170.380465,59,3.6,0,38.30521259,87.68106278,134.5490208,7.086911249
Store_17,06-08-2023,6382.681338,3750.88817,84,8.3,0,1.36225994,92.76690858,149.9295522,7.662373776
Store_14,06-08-2023,8619.668316,4851.073401,22,4.6,1,34.57268756,54.69644224,126.5568105,14.1511317
Store_17,06-08-2023,17299.55669,3627.024254,88,9.9,1,4.695830827,94.4479978,151.7414961,4.556475096
Store_13,06-08-2023,5827.598775,2156.749785,13,4.1,0,20.0763325,59.47389148,159.0210932,13.94982065
Store_1,06-08-2023,17154.8042,4881.028439,89,8,1,-4.010818334,72.81003779,131.5523988,11.42516626
Store_15,06-08-2023,12211.61995,4383.685759,62,2.1,0,39.09799513,57.40749072,149.6655127,4.246072633
Store_16,06-08-2023,19852.57912,4343.303712,13,4.8,0,4.224065477,85.67231693,141.2921746,9.15863971
Store_6,06-08-2023,6354.088909,1076.515866,28,7.7,0,7.072924019,116.3734361,132.3453059,8.188756322
Store_17,06-08-2023,17832.47339,3390.673131,54,3.1,0,3.772424604,110.6013832,121.0578761,3.957469484
Store_7,06-08-2023,18329.51055,4655.153775,55,2.3,0,17.41851846,66.24984155,143.5891614,3.111030269
Store_6,06-08-2023,18065.41922,2677.086645,41,7.4,0,-1.825247133,115.0788321,140.8072295,13.91118052
Store_1,13-08-2023,13121.25032,4865.669543,21,5.9,0,25.42880859,75.11920046,148.6530137,9.446031859
Store_14,13-08-2023,7851.872278,2638.684214,27,3.7,0,4.420677972,62.09606622,143.2294856,3.906653925
Store_3,13-08-2023,3199.73673,4805.719241,71,8.2,0,17.45355749,58.33790538,132.5936462,8.718815323
Store_9,13-08-2023,8847.209881,2570.922973,45,9.3,1,-2.310697662,86.36114492,138.1793093,5.005611778
Store_20,13-08-2023,9398.512457,2198.262712,58,4.7,1,37.33378867,66.40635883,135.661484,9.277897798
Store_20,13-08-2023,17803.53777,2580.52363,69,4.4,1,34.01552231,69.28396089,146.1511169,4.138610762
Store_1,13-08-2023,10724.53317,2932.15879,67,1.1,1,22.88121668,55.05074708,130.0725881,5.906350704
Store_10,13-08-2023,16192.05218,4314.222392,81,3.2,1,26.2030384,103.657819,148.6265061,11.72375846
Store_2,13-08-2023,9812.348591,4731.69945,99,4.5,1,3.43060561,77.03485905,151.8029152,5.029246805
Store_20,13-08-2023,10046.99979,3022.536614,52,1.1,0,25.78940838,56.56007649,139.9614469,11.243129
Store_8,13-08-2023,10740.61459,1089.703557,98,5.3,0,11.70719142,124.4419254,123.908291,14.26499866
Store_11,20-08-2023,5633.362138,3165.630429,57,8.5,0,10.73264795,139.4747571,130.5077324,6.180419018
Store_8,20-08-2023,14260.12137,1571.401149,54,7.8,1,32.45759688,107.0187216,149.4381424,8.182124308
Store_19,20-08-2023,17736.00544,3626.917939,59,1.4,0,33.03984891,78.52443423,158.236752,8.633218346
Store_6,20-08-2023,15151.70918,2253.39167,74,8.3,0,2.828366766,71.52690458,138.0655598,13.54236899
Store_19,20-08-2023,3526.256289,3374.243742,49,6.4,1,24.17156293,53.87994547,148.810717,13.96293614
Store_15,20-08-2023,4843.186811,4658.194655,15,9.6,1,11.53032319,79.75707164,133.5099199,11.78131314
Store_1,20-08-2023,2328.186488,3041.729956,58,7.2,1,-0.814216583,73.07345902,137.0357262,13.60019641
Store_1,27-08-2023,13026.32243,4631.354056,46,3.5,1,-2.617882899,100.7897416,143.7482313,9.057051883
Store_16,27-08-2023,8615.619601,4853.996964,66,2.1,0,18.98748805,92.17742419,155.3970699,14.32028758
Store_3,27-08-2023,5265.890259,4013.711689,68,5.1,0,39.62309543,136.1843823,132.0492518,3.647190994
Store_16,27-08-2023,15669.16872,4331.321507,78,4.8,1,17.343194,95.63168206,126.9604179,13.90701293
Store_2,27-08-2023,16278.70431,2034.846569,76,8.7,0,31.395975,53.12135603,140.3415557,7.216271216
Store_8,27-08-2023,13413.87256,2334.513583,18,8.6,1,-4.547885853,99.63227713,157.2853566,12.65184391
Store_4,27-08-2023,13453.24437,1828.303237,56,2.2,0,4.269468288,111.8585149,149.1871365,14.75897319
Store_10,27-08-2023,5922.065977,4990.51319,31,6.4,0,6.151559931,140.1916108,159.7265496,13.84089307
Store_16,03-09-2023,6736.026258,2479.253024,53,6.6,1,-4.612144883,77.51902118,129.2539485,3.773888165
Store_14,03-09-2023,10883.83845,3835.062621,21,3.9,0,27.72232644,73.9211088,156.9319803,11.643875
Store_10,03-09-2023,4558.468228,3638.043075,89,7.6,1,1.967862759,100.0305156,139.4112287,7.549930368
Store_11,03-09-2023,17625.02042,3852.827533,99,8.6,1,25.11707313,69.11056227,135.4820005,6.996091597
Store_11,03-09-2023,17482.51448,3951.539939,80,8.2,0,-1.12389028,131.2413658,151.9120949,6.691861048
Store_15,03-09-2023,16049.45927,1200.904046,28,1.6,1,-1.972192419,73.22896541,135.120998,4.526174271
Store_12,03-09-2023,10049.64573,3629.413929,25,3,1,27.31306725,103.2360235,132.6550163,3.153077756
Store_5,03-09-2023,3567.669802,2490.133095,20,7.4,0,30.22818781,149.5483611,146.0671918,9.387723161
Store_7,10-09-2023,13561.85947,4016.993039,81,8.8,1,-1.513236805,66.21833724,134.9442264,6.222685687
Store_16,10-09-2023,9373.320108,4995.570448,31,1.9,1,19.15866159,112.4795399,129.9946986,8.922110192
Store_6,10-09-2023,3876.046451,2013.089534,46,5,1,36.60963743,99.71672807,148.1964453,12.78216278
Store_4,10-09-2023,16376.85545,2714.808084,67,3.8,0,5.516070197,108.6767908,124.3711778,12.99929166
Store_4,10-09-2023,9777.383893,4017.059893,91,1.1,0,-0.239156588,122.9521422,148.3009128,7.766730355
Store_20,10-09-2023,3082.562167,4567.488579,64,1.2,0,23.67859704,69.72426662,157.7637914,10.80356369
Store_5,10-09-2023,16507.8659,1310.597339,44,1.6,0,30.93501272,105.7879184,147.5247064,5.357791829
Store_4,10-09-2023,13948.21435,4135.03937,68,3,0,-0.238773881,139.5085173,133.9958185,13.79343701
Store_7,10-09-2023,8909.099895,3999.911194,58,7.9,1,3.482493376,69.18731844,143.4340849,5.240795929
Store_11,10-09-2023,8741.951966,2292.109383,37,4.9,0,7.254192873,149.0222535,141.713655,7.505983464
Store_6,10-09-2023,8681.103622,1973.586733,75,1.5,0,8.574800873,133.9998223,120.3815582,4.534196844
Store_15,10-09-2023,16164.26095,3186.308568,89,6.2,0,20.9106612,53.88129478,148.3672282,6.993820333
Store_1,10-09-2023,17841.42358,4357.353969,73,2.6,1,-2.451849918,63.08811386,140.6378351,11.51177154
Store_11,10-09-2023,2137.952588,1266.258912,75,4.5,1,4.052885453,104.2878132,136.9797133,9.199971118
Store_1,10-09-2023,12927.69265,2431.256336,49,1.5,0,-0.164725132,81.59358224,120.5204085,10.90626485
Store_20,17-09-2023,11840.55343,3591.269784,81,6,0,-4.238924004,122.9240249,157.7900032,9.797324221
Store_19,17-09-2023,2471.540754,2985.035012,10,4.7,0,18.03723838,59.6818731,145.523709,6.286978448
Store_17,17-09-2023,12040.10151,4370.847609,26,5.3,1,27.93427318,146.5770444,149.1031729,3.868180606
Store_17,17-09-2023,10483.16901,1224.704309,51,8.3,1,32.3591298,140.090773,124.5239896,9.976398686
Store_11,17-09-2023,19712.23694,4026.920668,96,1.7,1,21.43164409,112.3314434,138.2809581,3.222294921
Store_6,17-09-2023,8642.954392,4034.861285,11,2.7,1,38.52976501,109.0916093,152.1704462,7.175623994
Store_8,17-09-2023,17540.00569,2630.336834,52,2,0,36.18804732,95.93460102,121.9664332,6.151603348
Store_2,17-09-2023,18471.62123,1370.501932,83,5.9,0,14.94073054,141.3727494,128.0454617,4.667518863
Store_6,17-09-2023,16789.46416,2473.79568,87,9.8,0,-4.668897667,82.93212775,153.2013073,4.348595699
Store_2,17-09-2023,18525.37794,4351.633499,45,9,0,-2.849838589,92.41850557,137.9394091,4.888542178
Store_12,17-09-2023,2057.928745,3850.485332,32,4,0,17.93767339,57.04606777,125.0774423,7.989432745
Store_13,24-09-2023,19870.7031,1870.669598,84,8.7,1,2.006166899,55.63818539,153.8477546,7.745868914
Store_20,24-09-2023,4187.024773,4150.196343,81,1.2,0,37.76256506,102.725515,127.0268919,9.565531711
Store_14,24-09-2023,4634.731859,2856.380638,71,2.5,1,37.85188065,82.00595642,130.3078259,3.90112375
Store_17,24-09-2023,10247.36396,3819.48404,56,1.1,0,8.374635123,87.9924291,157.4450229,3.000633923
Store_12,24-09-2023,2691.674281,1199.916115,66,7.7,1,-4.369346711,80.32081938,151.280073,11.3580862
Store_8,24-09-2023,10178.79202,1589.212177,61,4.6,1,35.38895469,62.64642454,121.2388241,10.93829189
Store_5,24-09-2023,11282.2297,4520.626952,48,1.7,1,27.94986428,89.28390765,127.748682,8.015990603
Store_15,24-09-2023,7337.640463,4840.542418,63,6.3,0,23.2074807,74.1244336,147.7403935,8.97755609
Store_19,24-09-2023,7943.871168,3704.105152,33,4,1,21.58898203,93.01759084,140.8262141,11.63364278
Store_9,24-09-2023,18201.49729,3478.1048,30,6,1,13.54079825,98.86049259,146.9687853,4.898888902
Store_11,24-09-2023,4860.347018,4200.013927,54,5.5,1,5.954917754,63.10798617,147.0921584,11.86533635
Store_4,01-10-2023,6275.794356,2143.134222,56,2.7,0,8.92581594,124.0883207,147.1249001,10.26911387
Store_8,01-10-2023,19970.25521,4683.978084,70,7.5,0,32.62355054,108.0968587,151.3316037,7.821524044
Store_18,01-10-2023,4385.444109,2349.382187,62,1.4,1,15.30085314,100.9985079,136.0062109,4.195967065
Store_2,01-10-2023,18244.15953,3784.624581,93,9.3,1,9.558607618,116.3791624,155.896762,3.867260508
Store_17,01-10-2023,6685.163436,2231.183327,72,1.7,1,7.505100669,56.16079853,148.1641744,3.097298363
Store_4,01-10-2023,16318.09929,1667.812355,24,4.4,0,22.19369889,65.93948848,135.3227748,14.04236383
Store_10,01-10-2023,9923.581963,3055.417857,20,7.5,1,19.30977701,60.39593759,152.95207,8.965845791
Store_8,01-10-2023,18336.99805,3193.676652,33,5.7,1,39.9352363,111.2684345,120.9001731,8.528219682
Store_7,01-10-2023,8629.571549,4867.381999,14,3.7,0,6.927127933,119.25728,126.8683996,14.25317471
Store_1,01-10-2023,7499.437592,4401.392004,57,7.9,1,-4.664158681,145.7766658,120.3680359,13.33210586
Store_13,01-10-2023,16195.06936,4036.02113,60,2.5,1,37.57841023,111.7813195,130.0901134,9.530161391
Store_12,01-10-2023,3541.848493,2137.096372,91,6.3,0,31.71801052,96.43502499,132.6086695,14.90419163
Store_5,01-10-2023,14386.42471,1175.599771,41,5.2,0,-4.236389181,103.6607509,128.4402677,10.78434051
Store_12,01-10-2023,6856.772962,4122.52687,65,3.8,0,11.27497374,63.25740775,148.1411336,5.380470478
Store_7,08-10-2023,4130.051437,1780.962412,43,7.4,1,17.00279169,55.19660981,134.5275649,12.84553548
Store_3,08-10-2023,15067.63838,2412.201566,76,7.8,1,8.818948451,100.3691761,153.3308513,7.439986632
Store_6,08-10-2023,4178.450009,3388.621224,69,7,0,7.086951981,148.9216683,146.3662218,8.628724083
Store_2,08-10-2023,3253.540667,2040.946392,99,6.4,1,28.35889188,102.7310896,126.8304113,11.3438274
Store_11,08-10-2023,13913.10542,2081.573146,96,7.1,1,26.88625956,147.5244535,136.4740913,4.526189444
Store_16,08-10-2023,2223.272653,1662.992708,86,9.3,1,21.58620401,116.5784401,125.2129579,12.94400572
Store_15,08-10-2023,13571.87438,4526.762447,51,8.2,0,-3.747152693,148.7100086,146.5162501,9.93690059
Store_2,08-10-2023,19917.87529,3785.719228,54,8.2,1,-2.137935363,115.082795,124.699036,6.878328784
Store_9,15-10-2023,9733.822629,1045.671934,31,9.5,0,0.234927721,128.0084024,122.7596003,4.367343233
Store_19,15-10-2023,7500.875879,1921.666648,34,3.9,0,26.60794245,140.8083687,131.218529,8.707860371
Store_4,15-10-2023,11046.18938,3380.5267,81,3.7,0,36.16789674,130.6707808,148.2423246,6.864966904
Store_19,15-10-2023,12579.8485,3804.679446,10,4.3,1,-2.622834774,98.30141128,152.6413401,6.250910679
Store_10,15-10-2023,2750.112211,2747.983543,94,4.8,0,1.72217363,112.1507311,124.1792127,14.18332968
Store_6,15-10-2023,14050.76519,1407.569552,69,6.2,1,32.93254671,98.22252303,134.1769597,4.006484863
Store_2,15-10-2023,6636.929966,3481.89514,21,4.4,1,6.266142831,120.1293342,132.9558221,8.290261352
Store_20,15-10-2023,4703.042015,3846.891223,52,6.5,0,25.79959125,107.9737115,130.9263848,9.179153945
Store_10,15-10-2023,4366.804158,3646.737154,74,7,0,5.154906237,86.93826476,138.0929391,6.868061497
Store_4,22-10-2023,8983.761679,1057.525784,76,9.2,1,31.82622886,101.3434497,120.8160644,7.637320211
Store_11,22-10-2023,16370.84613,3795.795314,45,2.8,1,25.111937,103.4554545,138.5419136,14.32546667
Store_2,22-10-2023,18975.36508,3308.490344,72,8.2,0,37.12733687,98.70825443,125.5461012,9.200832539
Store_19,22-10-2023,3690.212884,3166.81925,33,1.9,1,-3.802623527,139.8596911,140.5828447,8.281449252
Store_4,22-10-2023,15766.57642,2617.158989,31,9.5,1,15.87713186,99.1737943,139.624543,3.116404259
Store_11,22-10-2023,7677.324123,2731.264009,18,2.5,1,24.03175375,69.41287704,128.0135928,12.05847035
Store_20,22-10-2023,7651.400913,4457.732987,79,1.1,0,18.6102538,148.35973,136.369983,10.9776931
Store_6,29-10-2023,19780.13936,3343.459154,73,8.2,0,4.51440661,105.0545301,143.2569958,11.01816794
Store_11,29-10-2023,12927.61242,4171.032454,59,4.8,1,29.48580763,83.41430224,120.6105936,7.32170537
Store_6,29-10-2023,3901.964317,4228.622149,78,1.7,0,13.28495039,91.60706704,155.2260231,11.78748681
Store_14,29-10-2023,3071.444606,3969.012749,76,6.6,0,25.11919374,128.9040604,125.4500226,10.61091709
Store_20,29-10-2023,16880.73248,4962.716628,90,6.4,1,35.80899598,82.66219057,152.0145675,14.23623069
Store_19,29-10-2023,16488.32198,3694.58167,25,4,1,12.34986257,80.47609128,151.0163806,10.17818935
Store_15,29-10-2023,9694.814383,4353.967335,96,5.9,0,5.940603869,85.23088842,151.4323394,7.637924674
Store_13,29-10-2023,9749.528092,4552.472756,33,3.4,0,6.339919974,51.17798763,133.9108039,7.117386197
Store_7,29-10-2023,4432.993205,2247.455432,41,3.2,1,0.822127764,53.77845066,130.7647901,12.36626163
Store_15,05-11-2023,4272.765348,1421.572872,84,2.8,1,37.09853602,59.94962262,135.8755757,3.600774325
Store_20,05-11-2023,18686.01742,3810.162006,90,6.3,1,34.30904189,140.9443664,152.8294336,3.228520911
Store_13,05-11-2023,11325.41779,3937.775728,51,7.1,0,3.89606364,71.05284884,121.6130096,9.757519127
Store_4,05-11-2023,9131.108449,2933.629744,24,8.9,0,2.054219289,71.77808018,155.2442059,10.8994054
Store_4,05-11-2023,17116.44114,2342.441817,61,8.5,1,39.39562709,95.82533148,147.4215448,5.066331209
Store_9,05-11-2023,16850.88938,3335.091122,68,8.7,0,-0.121983228,127.4672937,145.7942417,14.53968591
Store_20,05-11-2023,16130.29779,2098.81526,10,4.8,1,-2.756293412,124.8672175,156.8690668,6.94495186
Store_17,05-11-2023,9747.693386,1825.008455,79,3.6,1,37.6955724,141.3814523,130.8153294,11.82771192
Store_20,05-11-2023,13070.23342,3537.454755,77,9.2,1,0.800616328,148.4321979,129.1053014,4.37439442
Store_19,05-11-2023,16927.16239,1468.815623,45,2.7,1,-3.151293577,72.52071002,158.2725868,10.95777395
Store_1,05-11-2023,2210.718993,4184.965802,43,1.3,0,11.02872746,139.4099536,141.6813338,7.083299787
Store_8,12-11-2023,15594.86757,2440.201864,94,8.1,1,2.312997938,72.67586174,132.1287819,14.04136576
Store_3,12-11-2023,13624.59463,2434.313846,13,5.1,0,33.16914078,99.04490967,152.0548614,9.906594094
Store_2,12-11-2023,8294.658135,3085.838555,81,9.5,1,6.393950816,70.82318086,121.5884483,9.95443643
Store_10,12-11-2023,11225.04768,1368.267944,13,8.7,0,39.16396412,69.14896149,146.2847536,6.557288697
Store_14,12-11-2023,6618.130107,3454.416457,96,6.3,1,39.35203303,149.2832132,132.1056136,4.482869887
Store_8,12-11-2023,7259.928148,2756.842405,85,2.8,1,12.82245148,132.5134876,138.0873176,4.324730811
Store_13,12-11-2023,9519.697627,2835.762066,20,3.8,1,16.00074201,68.91386963,154.5692241,7.052529297
Store_19,12-11-2023,13825.19281,4461.183036,81,3.2,1,26.64760243,86.90177324,127.6515663,14.34755613
Store_15,12-11-2023,7495.592181,1441.727454,86,9,1,23.2826755,82.54182807,139.660569,13.51917743
Store_8,12-11-2023,18024.64495,3467.134431,92,9.6,0,6.135834155,144.4041278,152.8631077,11.08801645
Store_17,12-11-2023,4737.877098,4509.880187,41,3.6,0,22.81463345,74.59997403,125.2372501,5.515931065
Store_18,19-11-2023,12102.01019,4882.706182,33,2.7,1,2.505430083,116.8546695,128.6454325,8.870358216
Store_8,19-11-2023,12819.335,3229.348678,38,8.5,0,12.28085833,122.4912747,136.1156012,11.86790476
Store_13,19-11-2023,7310.732738,3769.43569,99,4,1,20.20521924,55.51565906,155.9963817,13.6919445
Store_2,19-11-2023,6298.331805,4786.934916,17,2.7,1,20.31949403,55.35765596,159.0408063,14.31495254
Store_8,19-11-2023,5503.205213,3177.929331,68,3,0,-4.115683276,117.3008166,156.0503683,13.36292404
Store_1,19-11-2023,10276.40763,2486.95718,31,4,0,7.843183081,111.5347841,124.5504784,8.325402951
Store_2,19-11-2023,13229.46784,4213.930973,29,5.3,0,27.372467,66.47308961,132.9775291,7.936931181
Store_9,19-11-2023,11760.2697,2905.342933,89,9.4,1,15.12862403,83.56092442,132.5512857,7.055639751
Store_15,19-11-2023,16797.85689,3331.704227,32,3.7,0,9.38743822,99.27813459,127.574435,9.780885498
Store_4,19-11-2023,14027.83037,2969.30192,29,8.6,1,8.266775726,107.1212918,159.8673311,14.13480756
Store_17,26-11-2023,16141.72913,4228.283615,65,8.5,0,6.459869465,121.1121817,135.0524727,14.52014257
Store_16,26-11-2023,16295.55196,2483.764033,49,5.6,0,7.810363248,144.5122449,129.3443613,14.40710416
Store_5,26-11-2023,19639.46593,2923.560586,61,6.3,0,5.605714056,133.6118616,123.9587449,11.63470096
Store_1,26-11-2023,10266.77355,4581.384357,67,4.4,1,18.31925795,54.22004686,121.9709461,7.172854027
Store_10,26-11-2023,16745.39947,4232.94084,17,5.1,1,14.35642294,107.2315186,155.2686923,6.930795527
Store_5,26-11-2023,12439.70817,3362.551336,70,9.6,1,-0.395051921,123.8539039,122.5414289,9.626667362
Store_3,26-11-2023,2218.173944,2039.619917,94,2.3,0,11.592632,117.7300686,153.262957,13.21781339
Store_10,03-12-2023,4305.723435,4973.020062,67,5.7,0,0.719972089,89.48072829,130.7310408,6.795508185
Store_19,03-12-2023,19989.44706,3482.641919,36,1.9,0,28.63842865,63.03179881,133.6933633,12.72876558
Store_12,03-12-2023,5003.483631,4591.676748,93,8.6,0,0.28758281,70.94067139,141.1857811,8.973078763
Store_18,03-12-2023,15292.08577,4856.115389,53,6.2,0,21.09067797,113.3783285,149.9726142,4.724251502
Store_15,03-12-2023,7964.246128,4214.150638,40,4.1,1,13.4867378,83.68477014,138.7460655,7.18173571
Store_4,03-12-2023,11150.48984,1818.720436,44,8,0,11.98068148,93.27670817,128.5520484,6.969515897
Store_17,03-12-2023,5702.37072,4704.776274,47,4.9,1,6.821296465,99.33415881,136.2432853,7.583496229
Store_19,03-12-2023,13859.93846,2607.115203,84,6.5,0,22.82282595,139.3509971,134.3005331,9.650036659
Store_8,03-12-2023,11228.01907,3236.23714,48,8.6,0,36.18124692,82.69421003,143.8473068,10.30798933
Store_12,03-12-2023,17640.28972,3230.835305,59,8.7,0,33.63700481,82.0567586,146.7754169,5.44242627
Store_10,03-12-2023,2324.118001,1717.013023,23,4.3,0,36.19372907,68.18084657,142.827327,6.172851575
Store_13,03-12-2023,5888.687285,2062.331332,61,7,1,26.96898168,70.05646596,141.4997501,13.46955378
Store_8,03-12-2023,8596.307628,4923.949513,74,7.8,0,5.479561577,129.0131374,122.8942903,8.136232229
Store_11,10-12-2023,19713.98574,3930.933899,86,5.5,0,-2.628059457,107.3491764,138.5833106,12.7160911
Store_9,10-12-2023,17991.2661,3347.746026,21,9.7,1,23.77186602,116.7351163,131.5677261,6.43417045
Store_10,10-12-2023,15700.18767,1284.633141,43,7,1,26.91832572,80.98471168,122.0818336,5.710576955
Store_5,10-12-2023,6055.704739,1270.010187,41,9.9,0,28.32292845,103.1932978,136.4699067,11.44723089
Store_3,10-12-2023,7350.280539,1421.381938,36,5,1,18.18365018,71.03720815,154.4973652,6.487715632
Store_8,10-12-2023,18686.62181,3890.827831,81,6.2,0,0.864419493,109.6063931,156.1220261,13.38872685
Store_8,10-12-2023,15611.84505,4049.210498,68,3.2,0,26.17952925,94.04345707,154.4933967,13.46645435
Store_1,10-12-2023,12296.87558,4988.729416,55,8,1,29.71630052,91.49977584,120.0164116,4.062267783
Store_8,17-12-2023,7282.798818,2284.648611,40,2.6,0,33.45319462,110.6689323,156.6377202,6.458543621
Store_3,17-12-2023,2650.886849,1835.530896,72,6.4,0,29.30625462,82.70067685,136.8447562,4.492143809
Store_14,17-12-2023,11343.47213,4310.075688,88,5.3,1,6.955850419,131.7963494,121.242275,9.053052477
Store_8,17-12-2023,16360.64568,1499.283256,83,3.8,0,4.527146747,80.93685621,139.2969441,10.27459971
Store_11,17-12-2023,9987.503947,4334.599848,64,7.6,1,23.15424608,118.5712769,132.7835771,11.62324489
Store_5,17-12-2023,14042.40207,4874.149327,77,5.3,0,0.42168201,75.62923754,123.4239821,8.445045123
Store_16,17-12-2023,6907.232013,1057.261111,55,7.3,1,-3.244711066,73.81248433,146.6109134,4.077909031
Store_5,17-12-2023,9980.840259,1072.496164,13,9.6,0,37.0314846,111.416885,131.7972454,9.146039471
Store_9,17-12-2023,2495.660958,2441.707309,42,7.8,0,17.57646247,147.1219912,120.59994,11.66773402
Store_3,17-12-2023,19336.07201,4095.965513,19,4.2,1,11.91195486,114.3369725,152.1253236,12.06524727
Store_7,17-12-2023,17066.74025,1742.58682,56,2.8,0,22.02406457,93.09830628,140.5971004,3.14245616
Store_13,24-12-2023,3218.030514,2690.914548,74,5,0,2.828982978,141.4340443,159.1402387,10.60242352
Store_1,24-12-2023,10289.71095,1155.719853,97,8.9,0,17.13676108,117.7093785,157.9461632,12.29860119
Store_12,24-12-2023,19003.05595,1230.590329,14,4.2,0,10.86164711,67.83315124,152.4926933,10.00629921
Store_3,31-12-2023,5349.825521,2750.645313,17,4.5,0,31.12138324,142.2223318,125.9707205,11.65071863
Store_5,31-12-2023,2701.928226,3617.368022,27,1.5,0,16.82828091,65.72356651,140.1019043,7.675889067
Store_5,31-12-2023,17883.49463,1857.625932,31,5.9,1,-1.333674603,56.8010232,122.6000316,5.188022203
Store_6,31-12-2023,12293.70088,4426.148895,85,7.3,1,1.398161937,74.17645075,127.7917521,6.427519196
Store_16,31-12-2023,4920.201304,4220.361274,23,1.8,0,28.51378292,73.4057775,138.4982727,5.535155003
Store_7,31-12-2023,10941.80346,2797.398968,20,4.1,1,39.97076352,135.0580197,120.9756397,4.053274969
Store_7,31-12-2023,7456.310407,2474.828683,85,3,1,1.474426993,112.7958735,136.4209114,5.571261712
Store_19,31-12-2023,9187.686485,4864.190021,72,1.4,1,1.494041966,66.6950179,137.5803112,13.24355914
Store_1,31-12-2023,15929.8338,1817.265534,29,2.9,1,-2.508808238,88.35345124,130.1065201,14.45565182
Store_5,31-12-2023,12483.60785,1474.010494,41,6.5,0,34.31551156,94.86325916,154.2043769,13.15343023
Store_4,07-01-2024,17626.56058,2761.765401,37,8,0,21.13401996,135.8980547,143.6723163,5.564840256
Store_3,07-01-2024,13756.93023,3060.022639,68,7.2,1,20.42286734,92.38081852,123.607828,9.589728183
Store_12,07-01-2024,19724.05531,2746.456759,35,8.7,0,5.748032218,68.2922926,142.8265832,4.581724482
Store_3,07-01-2024,19858.84427,3431.008489,98,2.7,1,21.47940582,145.7979353,120.3380598,7.202839372
Store_19,07-01-2024,15190.42781,4121.462012,36,6.8,1,11.04515145,123.829551,139.4423017,5.454052064
Store_14,07-01-2024,11904.07776,2630.172124,60,4.1,1,-0.183688961,80.43075918,125.1275229,6.017161826
Store_12,07-01-2024,7603.538585,3707.285195,93,3.8,0,25.72020186,106.3164388,145.3539927,14.78492854
Store_18,07-01-2024,16076.50558,2730.916544,89,9.6,0,33.87053303,128.1290647,131.8301134,11.27785286
Store_1,07-01-2024,8513.355678,1733.768786,28,7.6,1,37.77266027,92.08965288,123.6593183,3.067575753
Store_1,14-01-2024,12291.90234,1571.367859,28,5.9,0,6.935283513,97.94549781,158.4874364,11.20439455
Store_14,14-01-2024,12834.62176,3031.220256,18,9.7,1,19.21544545,133.662021,137.4710868,14.10946259
Store_15,14-01-2024,12829.01276,1443.992395,66,10,0,23.37858827,133.6863422,130.4814002,5.765938048
Store_8,14-01-2024,6584.071197,2782.166555,21,6.1,1,-2.993535827,133.4956775,128.78891,9.641132409
Store_15,14-01-2024,16053.70855,2392.382373,93,1.2,1,24.98832871,141.0834227,124.8505957,12.95018136
Store_11,14-01-2024,13654.54485,1076.464378,63,6.5,1,14.03245947,57.5527086,157.2333146,12.04399365
Store_13,14-01-2024,12443.10265,4415.847868,37,6.3,1,38.5747132,73.20785779,134.6700831,6.473974381
Store_13,14-01-2024,11219.99457,3278.159118,41,2.2,0,29.43169824,141.1576887,138.21315,14.73255375
Store_16,14-01-2024,5753.189258,1546.403615,22,4.5,1,5.652421413,58.29145814,121.2797784,4.607698401
Store_5,21-01-2024,11611.41451,4287.323786,50,4,0,20.96212555,122.0616291,155.274192,9.408332765
Store_17,21-01-2024,2094.133044,4062.187002,58,8.6,0,17.18635563,52.81913404,127.9417144,4.736527634
Store_10,21-01-2024,19206.53892,3498.456192,87,1.9,0,24.95943581,82.55811325,121.391968,4.268694725
Store_5,21-01-2024,15758.70792,3562.460734,72,5.7,0,0.961179535,74.13497038,138.9285275,4.245296504
Store_12,21-01-2024,5554.468817,2004.005533,97,2.4,0,19.10600367,142.9870482,158.4106543,3.489420161
Store_15,21-01-2024,9840.499667,4176.84265,31,2.2,0,1.49080095,119.4131654,123.7462981,7.043062957
Store_10,21-01-2024,10778.00724,3893.774649,67,2.9,1,0.267898584,51.27654265,146.003698,13.56302128
Store_14,21-01-2024,14738.25683,3857.696656,69,8.9,1,23.12911987,94.30399766,132.8374175,7.910359725
Store_1,21-01-2024,8851.219283,3579.330416,86,5.3,0,6.623519311,93.46781483,141.743823,4.350049599
Store_8,21-01-2024,4566.694593,2301.162473,30,4.8,1,36.4340403,149.7422939,140.8208213,5.902869271
Store_12,21-01-2024,11696.63236,3804.558378,48,4,1,15.3496795,134.2464107,140.4157089,5.65801261
Store_16,28-01-2024,3771.121695,3873.324701,30,6,0,15.47305959,100.4263461,147.0829485,6.041485556
Store_6,28-01-2024,10106.67685,2550.595222,27,4.4,0,30.83758252,140.411366,126.3314502,14.32278261
Store_10,28-01-2024,10745.69167,4217.748831,17,2.7,0,36.56791281,130.7261649,141.6954624,6.409249791
Store_11,28-01-2024,18499.43425,1124.596371,11,1.6,1,-2.788322434,123.0679012,150.5119621,7.878813695
Store_7,28-01-2024,16271.37954,3689.841992,41,2.1,0,30.23156264,62.90364089,151.5310083,6.181479137
Store_15,28-01-2024,7206.405896,4348.478511,77,8.7,0,26.47875417,125.0669014,147.4702288,7.625645216
Store_19,28-01-2024,4966.666683,4035.105015,19,3.2,0,2.598668022,112.3172425,149.3089366,8.074420909
Store_1,28-01-2024,3104.293288,3071.842111,94,4.7,1,39.30591534,87.93655982,147.2233237,9.168968347
Store_5,04-02-2024,7052.297879,4509.401813,75,2.1,0,11.73265531,57.2574798,159.7715194,8.943811763
Store_18,04-02-2024,6945.167459,2935.957473,56,4.9,0,4.530916745,100.5809223,136.9755607,10.3247264
Store_18,04-02-2024,7377.060325,2537.420154,30,6.7,1,9.346779529,100.1441474,123.7907388,3.069247936
Store_6,04-02-2024,6311.183058,3227.513773,27,8.1,0,21.78745785,83.96606205,127.1863716,8.71087593
Store_6,04-02-2024,8016.289737,3406.215517,11,7.1,1,18.05172537,125.3813713,132.1489541,7.261581168
Store_17,04-02-2024,3217.026145,1187.407634,20,9.5,1,39.37795588,55.20724062,122.2606276,7.823423095
Store_18,04-02-2024,9127.468508,2734.331171,82,8.4,0,12.2063499,54.05857121,121.6132064,11.97641687
Store_6,04-02-2024,9411.779749,1307.917868,68,7.8,0,2.04757667,116.9953491,150.3361469,11.24867895
Store_20,11-02-2024,13451.19256,2096.286357,94,8.5,0,11.75381944,119.9312921,139.2376643,7.422749628
Store_13,11-02-2024,19565.72759,4669.943373,64,5.9,0,31.49208367,145.5980059,121.5436625,13.23807574
Store_11,11-02-2024,14106.83813,4047.60725,20,4.6,0,28.08528331,139.6256716,128.0061684,4.093648069
Store_14,11-02-2024,19360.57977,4830.32406,65,2.5,1,10.75839359,65.8520234,144.7077834,13.50860444
Store_10,11-02-2024,19109.55895,4344.470813,53,1.4,1,0.709277263,94.67395253,158.2488469,4.271470936
Store_1,11-02-2024,9582.464959,4446.763615,67,5.1,0,6.203960462,112.9219193,136.8252095,12.23003843
Store_15,11-02-2024,12674.79802,4393.701516,77,2.3,0,-4.823673127,103.4036113,124.717547,10.88933193
Store_9,11-02-2024,16454.46616,1035.45314,39,9.2,1,19.17740532,84.45965957,152.4056036,8.450009642
Store_14,11-02-2024,10788.34047,2790.693702,96,9.5,0,37.14219991,116.0469721,136.8134156,9.856074341
Store_13,11-02-2024,8699.006429,2569.832745,51,8.3,1,29.14906605,88.30588064,124.0301138,3.360242709
Store_12,11-02-2024,19842.60789,4215.83403,58,2.3,1,1.108563389,146.1611442,157.4741372,4.643599615
Store_3,11-02-2024,9669.50091,4831.159204,81,9.9,1,5.75489561,99.79485926,134.3735596,7.671196762
Store_5,11-02-2024,12810.698,2889.127217,64,7,0,14.92121659,80.33642822,158.9257885,11.34275587
Store_19,11-02-2024,14388.93624,2644.766072,70,6.7,0,27.78222702,94.8407841,158.0151901,13.32297373
Store_8,11-02-2024,15112.83219,1700.887088,34,3.1,0,5.725174478,63.10146187,158.626127,9.052568452
Store_6,11-02-2024,13534.87366,1480.828916,71,1,0,36.69634224,147.7853694,136.5164476,12.32335666
Store_17,18-02-2024,10270.04183,1304.956872,63,5.4,0,37.85170353,93.60469741,126.1499725,9.651871177
Store_18,18-02-2024,8252.179873,3930.796202,29,1.5,0,26.82527478,74.4715597,127.7032653,10.07120807
Store_7,18-02-2024,15521.20486,4556.511696,39,6.4,0,-1.124775027,54.66848199,140.5453354,4.288333421
Store_15,18-02-2024,18312.58245,2001.871595,44,2.8,1,10.17456207,90.66365269,122.341464,11.2434293
Store_15,18-02-2024,17402.52969,3808.584385,28,8.6,0,19.82595855,61.62736803,151.4266641,6.824367087
Store_16,18-02-2024,12075.60231,4730.842033,82,4.7,0,3.547063465,76.85000762,139.454884,14.71216711
Store_5,18-02-2024,8440.368776,3665.85219,50,8,0,-3.311210411,99.62951255,154.0975554,13.51705132
Store_7,18-02-2024,2435.45175,2522.070839,74,9,1,18.71534311,97.60567022,131.5260854,5.398475696
Store_4,18-02-2024,16807.05773,2611.493131,59,9.5,0,36.04937066,82.82550893,148.7609128,5.041831694
Store_10,18-02-2024,13777.26594,1797.081346,14,2.8,0,-3.68152506,144.8916218,139.7993118,11.70467522
Store_3,18-02-2024,8099.491688,4215.258181,25,8.8,0,-1.185523051,105.681836,126.1345931,7.535620268
Store_14,18-02-2024,3167.364701,2572.780804,84,2.2,1,-4.188694597,98.64423871,147.2584245,12.31928208
Store_19,25-02-2024,13152.58319,1070.209453,98,6.8,0,13.85156312,71.53592829,121.9719865,5.587677153
Store_8,25-02-2024,2458.059678,4379.485391,97,6.1,0,11.47127196,108.0228532,154.4492891,5.051338723
Store_16,25-02-2024,9909.289815,4673.705729,57,6.8,1,17.77629337,52.03410819,121.2469964,9.855840185
Store_19,25-02-2024,14526.18413,2736.083891,72,3.2,0,18.66759596,128.9290655,136.7379799,4.976808107
Store_2,25-02-2024,3276.77989,4166.23281,16,6,0,3.767822124,90.36466945,148.8234568,13.79100368
Store_12,25-02-2024,5725.866412,2557.619756,68,4,0,-3.83724625,135.0317708,142.2246862,8.132301456
Store_4,25-02-2024,16082.93871,3172.098336,84,8.9,0,38.10869799,63.17095352,140.7051931,3.72087802
Store_9,25-02-2024,12912.55288,2971.458338,89,1.4,0,3.654209775,88.3567391,137.6613604,8.926164177
Store_4,25-02-2024,17719.81249,4420.120806,35,4.5,1,29.17840669,115.3994221,158.0242549,7.788485425
Store_6,25-02-2024,7485.519717,1470.205201,61,9.6,1,39.4766755,69.62342817,142.8731508,14.09225215
Store_12,03-03-2024,3387.049024,1169.689193,82,7.3,1,30.24220131,143.3593144,158.0376541,11.80704444
Store_9,03-03-2024,10308.03454,4763.138082,59,6.2,0,13.85198401,59.09354499,154.5070065,8.195676598
Store_18,03-03-2024,3604.239778,1192.74405,99,6.7,1,17.77201116,57.17353437,120.5455938,3.538572198
Store_8,03-03-2024,9253.643218,1232.367808,81,6.2,0,11.14341297,82.16863687,141.984892,3.410107068
Store_8,03-03-2024,13904.671,4029.240829,20,5.2,0,31.80199331,130.5905843,137.9268339,7.403493982
Store_3,03-03-2024,9541.060223,3616.530948,63,6.6,0,17.26716782,66.6829705,135.9221936,7.009636943
Store_19,03-03-2024,17504.65993,1766.371783,18,7.1,1,17.06406202,74.69654125,129.3793603,5.74026737
Store_8,03-03-2024,15377.47758,3076.898283,38,4.2,1,20.29651392,139.674655,129.8698968,6.556176923
Store_7,03-03-2024,19432.798,1381.597109,45,3.2,0,30.50112833,108.5778271,129.825263,7.366792878
Store_14,03-03-2024,4163.762997,4508.362324,74,2.2,1,17.52787896,87.26571299,149.8889858,6.787843524
Store_4,03-03-2024,18252.10991,1981.409257,34,6.1,0,0.163388125,72.75338769,120.885378,5.757912502
Store_1,03-03-2024,5133.968036,2907.600426,58,6.6,1,17.5841289,69.15213221,128.8495128,3.627316467
Store_16,03-03-2024,19907.59371,2199.20211,22,1.9,1,-0.073293527,143.4410795,145.9134815,9.324851262
Store_9,10-03-2024,10895.82405,4149.548107,34,4.1,1,20.61535954,104.4461332,141.9360375,5.419862535
Store_8,10-03-2024,10625.2738,4058.111179,21,6.3,0,35.31170792,142.9921763,142.1672502,11.92859341
Store_5,10-03-2024,10504.88039,4419.896078,40,6.4,0,12.26240682,146.1417578,140.5550334,5.235801318
Store_18,10-03-2024,17673.56211,2902.18415,96,5.8,1,9.137292873,56.32534089,141.1124843,5.570115033
Store_17,10-03-2024,2546.967075,3321.870404,51,6.1,1,23.27562029,79.61767656,145.6911265,13.56506283
Store_18,10-03-2024,17964.6482,3256.296115,89,9,0,12.73857226,98.37968966,147.7267744,6.780099302
Store_13,10-03-2024,11810.48454,3326.489172,82,2.2,0,-0.193055317,65.48426816,137.9649366,3.365958574
Store_7,10-03-2024,8520.23795,3248.291178,31,7.5,1,-2.547082516,87.83475817,139.4556651,3.382617543
Store_4,10-03-2024,11583.57228,3485.169796,14,9.3,0,1.813469977,141.2254561,149.336074,4.52999672
Store_4,17-03-2024,13176.71421,1087.653315,73,4.2,0,11.05467207,99.3247493,137.8932971,9.375969512
Store_10,17-03-2024,9757.733969,2038.305797,40,6.2,0,3.597796271,102.1862295,140.5230887,7.267463991
Store_19,17-03-2024,17874.69965,4805.962841,85,2.4,0,17.89176929,101.8492975,137.272204,11.59771515
Store_20,17-03-2024,7701.710187,2737.613276,20,2.5,1,11.27957404,146.686555,139.070155,6.178395094
Store_13,17-03-2024,3811.474613,2770.182059,94,9,1,25.31244244,137.536324,126.3414463,11.24121355
Store_1,17-03-2024,4298.842705,4827.199262,91,6.4,0,38.18855747,143.1490387,147.9196189,8.643554672
Store_1,17-03-2024,6491.831597,3499.496398,69,8.4,1,13.10171862,88.31644686,132.2165399,12.50287846
Store_1,17-03-2024,17311.08904,1717.458728,53,1.5,1,22.30222909,54.70611979,146.7764826,13.9786338
Store_3,17-03-2024,6617.541124,3685.916595,53,9.4,1,2.852431888,104.3877921,143.6170441,8.449159121
Store_5,24-03-2024,3825.574912,2434.862102,29,5.2,0,2.508186019,146.1543723,157.3471562,7.27162069
Store_4,24-03-2024,4170.051495,1307.886678,66,9.4,1,5.806821821,123.5520706,126.8212156,12.99334885
Store_2,24-03-2024,12953.49091,2111.411104,44,6.6,0,35.22878759,93.40488685,126.1063266,11.27957229
Store_5,24-03-2024,13243.94424,1036.153876,37,6.4,1,-0.534305079,129.2662477,136.4201929,6.666917512
Store_10,24-03-2024,14757.40456,2830.798421,82,5.9,0,13.30481869,51.94012456,139.8261568,8.782047043
Store_10,24-03-2024,12833.86861,3649.736047,67,4.8,0,27.11471274,76.49670616,130.8552558,4.289438597
Store_14,31-03-2024,13150.82623,3309.116117,59,2.8,1,10.9546694,124.5397739,150.0316092,12.94053775
Store_5,31-03-2024,12984.05269,3210.828303,15,5.6,1,32.89871789,126.6157102,131.5833082,14.51900028
Store_3,31-03-2024,19560.98362,4341.920903,68,9.6,0,20.46333043,70.68718754,128.4018935,11.69845024
Store_5,31-03-2024,8214.01657,2856.954079,80,2.8,0,17.88155659,110.9467763,132.7726752,10.48526629
Store_15,31-03-2024,15318.27417,3707.763132,89,5.9,0,37.33105845,109.711662,135.1983981,9.10087172
Store_6,31-03-2024,18439.16506,2699.403371,56,4.9,0,11.48288738,68.86322464,122.6837493,4.283038373
Store_16,31-03-2024,15273.80784,4924.574927,26,5.4,1,17.64491867,116.7036857,128.380769,4.984445106
Store_7,31-03-2024,18095.43574,1535.313452,73,8.5,0,12.02420232,93.32509323,124.6120436,11.23980508
Store_7,07-04-2024,6621.978219,2115.03949,38,7.3,1,31.96620637,95.96327544,141.0982585,5.113071455
Store_20,07-04-2024,15697.83368,1000.046539,95,2.6,1,-1.312770243,74.47450796,139.7931383,12.7347667
Store_1,07-04-2024,14890.71214,2178.477585,25,7.9,1,6.974561584,50.38302905,128.3460765,3.959789794
Store_20,07-04-2024,4214.059312,2298.047201,49,7.7,0,-4.736087245,104.2299976,135.5105731,4.228733554
Store_12,07-04-2024,10350.76478,1810.530537,27,9.1,0,14.44523066,78.35071903,120.7183146,12.84351553
Store_17,07-04-2024,19245.32264,4892.312652,24,1.6,0,11.93166982,141.8285035,132.2085812,9.333266509
Store_20,07-04-2024,16929.10397,1661.137961,46,7.6,0,15.93748891,119.0075354,130.145699,9.588998671
Store_7,07-04-2024,16128.14559,2186.239649,74,3.3,0,16.93186636,71.90591731,156.8427795,7.885971582
Store_12,07-04-2024,17530.3474,2905.747945,61,2.1,1,32.03516085,148.9279945,155.8919398,12.27448724
Store_1,14-04-2024,18705.50553,4044.031694,37,3.5,1,2.238713207,65.06109531,148.2025314,6.081978895
Store_16,14-04-2024,11545.4384,4392.168358,58,3.4,0,23.04120342,116.6708855,134.139099,7.178767676
Store_1,14-04-2024,18862.80432,3741.775533,13,8.6,1,39.36703759,61.00177211,125.0320935,13.68363069
Store_13,14-04-2024,15154.77737,4777.794331,22,1.6,0,36.01038173,94.23937407,138.0747618,4.470997878
Store_12,14-04-2024,15195.28333,4503.532334,75,2.8,0,10.86381586,50.91655502,152.6491141,9.916866617
Store_1,14-04-2024,10703.82164,2950.511239,82,4.4,0,5.962665639,78.74025338,126.331322,10.31649835
Store_11,21-04-2024,12862.778,3177.987836,62,7.8,1,23.68311165,116.9053515,141.559235,8.775287422
Store_19,21-04-2024,10212.25716,4632.913955,25,6.3,1,31.22350752,56.12166581,146.9676847,7.151394214
Store_14,21-04-2024,4529.953416,1520.322679,65,5.1,1,3.985138212,82.05361668,158.3331075,11.25478375
Store_6,21-04-2024,12396.68059,4908.027818,27,1.6,1,14.91946817,93.0316428,130.3614058,8.940671348
Store_20,21-04-2024,16714.09475,2262.509375,92,5.6,0,13.70325019,135.592519,141.4208766,14.09581326
Store_10,21-04-2024,10131.81822,4716.912215,59,6.4,0,-3.734532217,92.98312575,133.3686135,14.37279365
Store_6,28-04-2024,14298.46451,2369.791915,60,3.3,1,0.674956376,73.93698363,150.0963693,7.457560072
Store_19,28-04-2024,11593.24016,1987.295477,49,1.4,1,21.13458626,143.2503953,157.621492,7.286903618
Store_17,28-04-2024,19784.64739,1965.985941,87,7.3,1,-3.364666326,89.71868863,124.243682,4.252457497
Store_13,28-04-2024,12650.54892,2897.020084,14,9.1,1,32.07533717,53.83638614,131.2774754,11.27875204
Store_1,28-04-2024,8514.559835,1809.016722,51,2.7,1,21.35444509,116.1969839,145.9283671,11.80033818
Store_17,28-04-2024,6332.468813,2428.484637,85,9.4,1,18.108304,137.8252468,125.0924751,12.82928791
Store_10,28-04-2024,10657.51202,4939.433611,61,8.2,1,19.2847805,117.1304424,158.8361885,9.249787034
Store_11,28-04-2024,10095.31716,4624.348242,95,5.1,1,0.549332098,67.076826,150.4303723,14.30389736
Store_5,28-04-2024,11169.59831,1262.779436,86,5.9,0,9.89116446,59.35201236,150.7700224,5.729060745
Store_2,05-05-2024,17086.07521,1778.495347,68,7.4,0,4.264689468,82.06199066,122.9298242,5.733340099
Store_16,05-05-2024,10776.28149,1207.343196,32,5.6,1,29.77780375,64.74539174,135.1784552,3.281508261
Store_2,05-05-2024,15205.05885,1901.525072,98,2.6,0,10.23280957,63.65030121,144.9977508,12.37827755
Store_11,05-05-2024,14022.55998,3426.926899,12,8.2,0,-3.309519671,71.52438205,149.7747282,11.34813196
Store_19,05-05-2024,16743.14325,2484.451754,39,4.5,1,-1.711170904,76.77743146,150.1194477,14.98105481
Store_9,05-05-2024,17813.2801,4637.818444,14,8.3,1,2.492659617,75.32011634,158.5876192,11.51919688
Store_12,05-05-2024,9089.559302,4975.393556,41,4.5,0,30.16579399,125.6789223,131.0970694,9.706090451
Store_20,05-05-2024,4743.48824,4044.151161,48,8.4,0,-0.789826689,62.11554613,122.6896254,5.903132737
Store_3,05-05-2024,15590.75472,1883.411132,40,3.6,0,9.998493694,102.0230489,130.2847402,13.23199384
Store_17,12-05-2024,19940.54337,1912.941454,26,5.3,1,6.172936583,92.71124464,143.8689196,5.055894533
Store_17,12-05-2024,14816.25237,3821.843321,84,9.4,1,15.61921624,144.5774717,141.2343614,4.951826618
Store_18,12-05-2024,6341.626237,2380.768834,30,4.7,0,29.63791382,120.2629576,126.0124249,10.3103447
Store_9,12-05-2024,12770.43472,2417.085309,46,9.7,0,34.67359071,69.3447228,122.561741,11.41369358
Store_10,12-05-2024,15976.05404,4467.081418,43,9.1,1,30.72797881,110.0957195,120.5942449,8.571980938
Store_15,12-05-2024,8262.945408,1256.025386,54,1.6,1,5.811025831,104.0610994,129.3358508,8.030990992
Store_4,12-05-2024,18091.81478,1365.565945,92,9,0,24.14740245,94.27359277,154.3106219,10.78240991
Store_20,12-05-2024,13152.60807,4267.117866,73,5.5,1,8.503018731,77.81436404,157.3446151,10.21299198
Store_8,12-05-2024,11704.90298,4991.283423,90,1.2,1,25.47059186,66.09844317,123.5029825,7.630313362
Store_3,19-05-2024,14509.1196,3063.447611,86,8.9,0,16.60825819,144.319585,124.1864254,12.72519496
Store_2,19-05-2024,16611.85619,2591.346502,69,1.8,0,33.99680599,116.3624721,158.921814,5.540601342
Store_4,19-05-2024,3290.813999,1379.671747,85,4.3,1,0.807930617,68.79035888,147.4985922,12.76594958
Store_18,19-05-2024,13537.49739,1058.773555,72,1.4,0,36.25402014,85.82190412,135.7633459,11.37740309
Store_5,19-05-2024,14666.34759,3059.7334,56,3.3,1,2.060618087,86.77085081,132.3707245,12.32623091
Store_14,19-05-2024,16804.65015,2516.376195,47,1.9,1,31.03681449,64.93993885,132.6640974,6.731676257
Store_5,19-05-2024,11991.52909,1606.380299,98,3.4,0,34.34791143,138.974899,143.3902723,7.538356194
Store_17,19-05-2024,6079.81524,3994.580937,96,6.7,0,39.16225004,92.6318294,154.1827466,12.21433108
Store_7,26-05-2024,14926.21537,4533.859052,75,1.4,1,3.473613621,58.93399023,128.930216,9.30518398
Store_7,26-05-2024,13969.72826,4157.171393,16,4.5,1,39.57892317,77.82171871,151.5263915,7.536372747
Store_8,26-05-2024,2605.044803,3195.43466,98,3.9,0,31.14267302,111.1655676,140.262,6.952999888
Store_5,26-05-2024,15125.12278,3778.563836,99,9.8,0,-1.495445491,50.83547042,154.4425175,7.561801703
Store_19,26-05-2024,14916.75978,3855.81053,48,4.6,0,17.6293984,96.73873354,149.0852479,8.247379779
Store_14,26-05-2024,18872.9852,3320.355339,29,5.5,1,37.71765273,86.50475667,137.4235663,13.63907515
Store_7,26-05-2024,5816.807118,4820.460829,62,2,1,29.29583292,78.04550648,144.5538378,3.23532639
Store_2,26-05-2024,4736.447356,4092.567496,40,5.4,0,-1.210414497,67.27573183,129.7919949,8.794733239
Store_13,26-05-2024,11112.78907,2940.37864,51,7,1,23.0158929,93.94653744,157.1116592,10.37020469
Store_2,02-06-2024,14020.4843,2564.131477,72,8.3,1,18.82901268,62.74080717,136.5570423,11.58284224
Store_8,02-06-2024,3145.536367,3000.451008,43,1.5,1,39.85821779,93.7148105,124.6004375,10.51493787
Store_1,02-06-2024,17800.94141,2084.385015,82,3.2,0,32.96562383,125.8384772,135.9234871,3.284596324
Store_5,02-06-2024,15080.07786,1918.392643,80,4,1,17.73020001,121.4119141,125.994512,9.209532113
Store_3,02-06-2024,2489.013582,3946.140913,39,4.4,1,20.59657314,100.407008,153.8918698,11.78760925
Store_5,02-06-2024,10321.3201,3414.548802,49,9.9,1,33.31917274,69.0413496,127.3383154,9.083161393
Store_1,02-06-2024,13715.79264,1015.279691,19,7.5,0,0.417016728,73.55659346,130.1397501,10.03418825
Store_5,09-06-2024,16803.60273,2473.388855,33,5.5,1,13.46366748,117.5129886,138.8129619,12.65043489
Store_11,09-06-2024,19487.58844,2551.30436,70,6.2,1,8.451676754,89.72912929,125.4015255,3.520766143
Store_12,09-06-2024,14464.87088,2058.540108,57,3.1,1,7.180762194,121.4387562,126.9128021,11.91385802
Store_4,09-06-2024,10437.82338,4563.42214,30,4.8,1,27.46521207,78.62243072,127.9632925,12.87465682
Store_10,09-06-2024,3195.989198,2531.195058,36,5.5,1,3.271580027,61.33870956,146.2458437,11.28841247
Store_14,09-06-2024,14391.29033,3667.389565,21,1.4,1,28.70495578,61.75572491,149.6125212,6.155090972
Store_11,09-06-2024,11227.78556,3740.537239,69,2,0,15.68266383,118.7436861,130.3175803,9.418473069
Store_17,09-06-2024,4065.839694,2614.404009,26,4.5,0,27.40501001,66.29026545,156.5282385,5.392569828
Store_11,09-06-2024,5155.452962,2509.272216,18,8.3,0,19.06597598,90.50010986,123.8022615,6.145355664
Store_9,09-06-2024,4679.984906,2215.770049,55,3.2,0,7.138410964,101.7117931,136.3295008,6.910681721
Store_1,09-06-2024,14741.03175,2386.096672,41,7.1,1,10.18646706,76.52850891,120.4268051,5.982428927
Store_9,16-06-2024,6317.73403,3597.289298,30,6.6,1,-2.079532421,120.4493636,152.5077217,9.240992199
Store_11,16-06-2024,17237.2581,4672.956347,25,9.4,1,33.10532508,139.9612489,139.2259211,5.64131796
Store_3,16-06-2024,12106.72258,3644.057017,73,4,0,13.47244212,136.6855213,135.8498939,10.93168585
Store_18,16-06-2024,7907.469565,2477.123081,48,8.6,1,-2.169163579,139.0220671,157.7208284,8.952905742
Store_13,16-06-2024,9863.312647,3873.815789,47,5.7,0,37.18665276,67.64119104,128.2913009,12.71746234
Store_13,16-06-2024,19582.40591,3213.484759,94,2.5,0,34.98696762,71.68142759,128.3715105,7.886084863
Store_10,16-06-2024,17562.14497,4505.277733,72,2.1,0,4.157999875,107.2407726,143.3333164,9.718717218
Store_18,16-06-2024,14176.42287,3837.283314,64,8.3,0,31.08216549,62.62834726,131.5151801,10.40825101
Store_5,23-06-2024,3923.784616,4064.463731,36,3.3,1,25.34321082,117.91717,126.8509364,4.794591823
Store_18,23-06-2024,17447.18696,1273.834877,96,2.6,1,13.79688551,101.2576216,158.7229001,3.699566446
Store_12,23-06-2024,13464.24171,3306.809595,43,3.8,0,18.54788122,82.01811674,138.0618809,10.84438431
Store_10,23-06-2024,12862.07468,3045.101849,59,6.6,0,8.151203053,79.47013699,131.0903367,9.880819511
Store_8,23-06-2024,10122.3082,1423.623218,80,6,0,29.298438,64.04990098,154.942223,11.65814136
Store_13,23-06-2024,10936.30074,3019.182393,26,4.1,0,30.22355534,100.4932804,133.4003428,14.20630555
Store_11,23-06-2024,11098.19212,4134.953004,54,3.5,1,27.64606758,93.80336567,126.4440009,5.285483964
Store_8,23-06-2024,14358.61844,1779.9008,63,7.5,1,15.69738781,90.46537416,138.8304957,3.405469811
Store_4,30-06-2024,15465.31723,2155.539756,90,1.7,0,0.706080961,103.7692129,133.8587715,11.82861584
Store_3,30-06-2024,14521.12664,2301.180536,95,7.1,0,30.40253566,98.19949177,120.0097174,14.54114974
Store_1,30-06-2024,8225.794293,4984.630694,87,5,0,19.00660939,116.8019453,136.7345215,3.230074929
Store_9,30-06-2024,19934.01808,3917.379176,97,8.9,1,39.51063936,56.58298434,129.6873378,14.83189887
Store_9,30-06-2024,2821.677419,4530.239507,44,7.6,1,14.09674117,109.9277518,129.2633197,4.196714446
Store_5,30-06-2024,18197.00022,2618.109542,15,2.8,0,3.567180383,63.15653066,123.9047504,9.38541567
Store_16,30-06-2024,4467.974703,3543.818829,91,8.8,0,-2.981274907,131.9398231,155.7509675,7.070441175
Store_5,30-06-2024,11133.4149,3890.951009,35,2.9,0,5.480582739,132.0576439,130.0880961,5.268207393
Store_6,30-06-2024,19022.56665,2149.84666,46,5.1,1,32.63310909,122.0373213,144.5483188,12.29830083
Store_18,30-06-2024,2597.408382,2239.227501,11,7.2,0,28.41861954,147.5870863,133.3296696,6.191688776
Store_6,30-06-2024,11093.72192,1990.239081,93,7.2,1,37.78351209,71.45648201,125.0376256,12.06081845
Store_6,07-07-2024,7471.035222,1999.827786,99,1.2,0,7.58951189,78.62590354,143.8018538,8.545685679
Store_19,07-07-2024,15241.93606,2846.864575,73,2.7,0,1.122530549,81.44341058,136.0917871,10.9138807
Store_19,07-07-2024,3040.050098,3585.834967,54,9.6,1,38.4626501,54.84642325,148.4828797,3.458433405
Store_11,07-07-2024,18061.44497,1878.215693,11,4.9,0,-4.053339389,57.51429532,128.2734844,4.253788744
Store_15,07-07-2024,8847.560135,2012.406157,78,3.7,1,34.06441719,66.07133492,150.8529257,14.38445902
Store_8,07-07-2024,8177.012357,1763.70634,85,1.8,0,34.65661305,124.6313813,130.7431842,3.616012456
Store_9,07-07-2024,3121.252366,2211.662915,24,7.1,1,-1.461798005,82.05632244,152.8720584,7.724630036
Store_17,07-07-2024,5636.282031,1968.08832,90,9.2,1,27.5590558,53.92919452,154.6776417,12.66021232
Store_17,14-07-2024,12410.96451,4101.384602,35,1.7,0,8.474040616,55.70990784,121.5128055,12.16338359
Store_14,14-07-2024,16153.00759,2069.608111,75,1.1,0,10.75030908,82.0712165,133.6990088,6.71718377
Store_20,14-07-2024,13722.19359,4521.259049,20,3.2,1,26.64747525,83.20007021,145.712082,11.48437403
Store_1,14-07-2024,9707.593069,1967.726721,19,9.2,1,36.21164567,81.69130138,146.0905602,11.59958324
Store_6,14-07-2024,3456.547095,2471.143951,48,1.6,1,23.20611835,70.58873108,138.2892168,8.314969177
Store_1,14-07-2024,18365.96371,3350.343484,78,5.4,0,38.49658466,144.8425156,122.9804185,7.849318173
Store_14,14-07-2024,7458.952656,4121.504494,63,1.9,1,25.3038878,114.9153965,154.539658,4.970219569
Store_20,14-07-2024,15038.09871,1571.503845,45,6.4,1,2.367803105,102.6817166,130.5389378,8.719445476
Store_15,14-07-2024,16489.80199,1669.285216,46,9.5,0,15.98685675,144.5776497,124.8108385,7.858929771
Store_15,14-07-2024,4555.495816,4745.122486,95,8.3,0,15.957651,95.38465638,125.3041596,12.96300231
Store_3,21-07-2024,13073.94989,2936.308279,67,1.7,0,12.52254009,144.7623659,130.5003442,10.31334357
Store_4,21-07-2024,13363.53596,1276.183625,91,5.3,1,24.607746,131.7904177,128.8051698,8.580423897
Store_20,21-07-2024,7542.738949,2542.047619,34,2.2,1,31.87730584,129.4134562,133.3076072,8.100028969
Store_13,21-07-2024,9627.288566,2181.161976,80,6.8,1,23.49304037,61.28405445,140.1555519,6.056646005
Store_15,21-07-2024,13050.80453,1787.702818,51,6.1,1,15.68033399,73.99489037,130.9604712,7.084618052
Store_6,21-07-2024,4402.639503,3185.721264,26,9.8,0,1.553289102,110.5071253,134.5927239,12.7705052
Store_13,21-07-2024,17915.71634,4790.752104,88,4.2,0,14.69942747,149.9207299,155.6728085,5.518714108
Store_1,21-07-2024,8342.749039,2204.184311,11,2.3,0,2.392170226,107.9129804,151.5945848,12.66696992
Store_19,21-07-2024,16964.72326,2647.83238,22,4.6,1,14.36544282,76.78735828,147.7928292,4.756476799
Store_13,21-07-2024,10781.37279,4560.56455,92,10,0,13.29082231,145.3703626,125.1591563,8.406438469
Store_13,21-07-2024,4722.442917,4921.474964,44,1.3,0,19.48567009,61.97599664,120.9770753,11.38362707
Store_5,21-07-2024,4881.289429,1276.03037,96,7.6,1,-4.048257949,58.57942849,155.369807,10.34590391
Store_9,28-07-2024,19199.42653,2793.276221,46,5.5,0,8.66807708,93.77814773,156.892311,11.29806655
Store_12,28-07-2024,15980.79003,1048.627086,67,3.3,1,13.0436647,76.72098955,120.6335228,3.771830678
Store_3,28-07-2024,16721.01589,2103.070273,92,6.7,0,29.15395743,51.61246464,150.7235751,10.02583126
Store_3,28-07-2024,6273.802431,3513.705826,96,7.4,0,38.60249787,101.27499,126.8440991,5.483835636
Store_8,28-07-2024,16220.54785,4560.860011,63,5.6,1,16.95550879,76.55875983,121.7907355,5.571600868
Store_3,28-07-2024,19706.22065,4388.243308,58,7.6,0,24.16136431,106.5888605,123.1835259,12.93651943
Store_20,04-08-2024,18951.06281,2895.68488,34,5.7,0,14.89297959,120.3936667,123.8276046,14.45337234
Store_2,04-08-2024,5667.796264,2596.141271,13,8,0,-1.253405388,98.74678355,145.7769268,12.61700173
Store_8,04-08-2024,7739.60273,1134.705615,66,2.1,1,30.57311234,57.41761956,146.829888,12.49204889
Store_3,04-08-2024,3918.674546,3493.623833,70,1.9,1,32.55062138,124.4442168,147.7120479,5.12978202
Store_5,04-08-2024,14784.37038,3337.795639,37,2.3,0,39.10024584,97.0784997,121.31302,13.3668398
Store_5,04-08-2024,7318.005995,2995.582658,28,6.2,1,33.39781594,131.679337,153.6723484,13.45854817
Store_7,04-08-2024,19729.81381,1619.31445,66,3.6,0,27.11233148,112.2549396,133.1751227,4.057518834
Store_5,04-08-2024,2866.571048,3431.010732,29,9.2,1,19.87167505,71.07066651,138.0038107,11.70681897
Store_6,04-08-2024,7191.297881,2769.175222,23,7.1,1,-1.156888207,55.63332778,144.260489,8.253327263
Store_20,04-08-2024,12677.98826,1936.813484,45,4.1,0,7.098769524,113.9262883,130.8023386,5.054216926
Store_5,11-08-2024,18200.41622,3002.497072,73,6.9,1,34.36346423,129.2840045,146.3769299,4.972712212
Store_15,11-08-2024,5882.152743,2955.591327,23,4.4,1,21.04404144,124.6452129,140.0143344,8.975715631
Store_8,11-08-2024,11377.24359,4127.295453,49,6,0,28.12159302,94.88513657,139.7604668,10.88637194
Store_8,11-08-2024,10664.19473,4125.287423,91,4.8,0,1.597373516,125.2727138,158.0084482,6.294535017
Store_7,11-08-2024,2781.425591,2628.425957,93,5.6,0,30.13146869,58.64575071,137.0142599,5.08286573
Store_1,11-08-2024,11644.89832,3748.077066,98,5,1,31.72255407,101.1525641,128.2481086,11.64499283
Store_3,11-08-2024,5529.758829,1813.89097,62,1.6,0,38.47096566,136.111352,127.4332822,10.764842
Store_12,11-08-2024,7994.034435,2265.080599,53,5.6,1,17.35345426,120.978505,142.6722442,7.107187113
Store_16,18-08-2024,5616.806396,1357.158098,22,2.2,0,16.35401032,58.90097349,136.5386307,7.928404807
Store_19,18-08-2024,6089.232026,1281.967783,66,8.4,1,35.04263773,58.92221681,136.9375522,6.575757536
Store_9,18-08-2024,14512.60197,1287.103225,65,1.7,0,24.82869044,80.35039091,128.772816,3.693458364
Store_1,18-08-2024,2345.460983,3313.193598,26,6.2,1,2.184985722,97.37732925,122.5305069,12.88913389
Store_9,18-08-2024,19589.13532,2580.550973,63,9.9,0,7.876076911,130.7702369,142.454233,4.631192968
Store_6,18-08-2024,13868.3706,4415.139687,71,6.1,1,32.01958608,53.10681302,153.5448718,10.05233363
Store_12,18-08-2024,16908.48654,2817.381692,87,6.6,0,36.43468823,66.84405511,127.8925588,3.938905183
Store_19,18-08-2024,18889.48673,3142.21526,36,3.8,1,-1.033599047,114.9863922,144.2406001,14.38934948
Store_15,25-08-2024,4311.09721,3210.00387,45,2.4,1,38.98471829,81.2844628,126.5810149,9.081240489
Store_12,25-08-2024,17135.68843,1836.741862,87,2.9,0,1.437787873,134.2534508,137.5468679,3.136676017
Store_7,25-08-2024,7531.219369,4829.792076,99,4.2,1,24.51193453,143.3455105,120.0315804,6.024838642
Store_12,25-08-2024,15721.13243,4162.039177,63,7.1,0,36.16757275,136.4402987,144.5961206,5.114332874
Store_15,25-08-2024,2920.436866,3684.629894,76,2.5,1,-1.60645208,134.0442751,141.6534153,8.020600053
Store_3,25-08-2024,13717.52241,1302.334455,89,3.2,1,38.86420366,50.0401544,120.8794609,10.59940179
Store_12,25-08-2024,4068.793947,3525.675685,71,5.1,0,35.79939836,137.1333592,157.7993914,13.31321499
Store_16,25-08-2024,14420.08803,4856.313666,31,3.5,1,39.83010219,143.1544407,128.0187619,7.11652807
Store_8,25-08-2024,2136.13175,4705.530427,45,3.8,1,-0.290280184,127.2267557,142.1623353,6.759008886
Store_5,25-08-2024,11720.21446,1250.758486,78,9.7,1,-1.846908693,97.7146376,129.1967348,10.85545432
Store_20,25-08-2024,5901.316402,1904.115991,24,4.5,0,5.576408447,55.47449823,140.7287326,7.067639114
Store_6,25-08-2024,3818.824598,2831.983036,45,2.6,1,22.65247571,119.8070546,150.9009037,4.481562885
Store_7,25-08-2024,16427.66801,2162.018023,90,4.6,1,13.01604821,103.1339953,155.1552458,6.175165343
Store_7,25-08-2024,12626.25843,2990.159409,24,3.7,0,38.44830632,126.5106592,125.6737759,8.63814522
Store_17,01-09-2024,6440.219561,2637.648287,21,5.5,1,10.24298301,118.9279321,143.434522,8.854519272
Store_2,01-09-2024,5127.708676,1993.534435,19,2.3,1,19.32487039,148.4929108,131.2771821,13.02583387
Store_1,01-09-2024,7146.322206,3626.524295,47,6.1,1,17.18422197,61.97467885,135.9053994,14.40712759
Store_5,01-09-2024,5971.015149,3788.837528,81,8.5,0,28.4508803,101.8323923,148.4803184,14.19174861
Store_5,01-09-2024,9427.193135,2211.723623,30,9.5,0,31.10231637,91.00237867,131.3318611,7.71540918
Store_19,01-09-2024,8088.815108,1179.645196,65,2.9,0,14.23938349,114.6046944,121.6391289,14.71284703
Store_3,01-09-2024,6895.09507,3286.983933,15,6.8,0,-2.694906662,129.4662892,126.3064411,9.996223769
Store_14,01-09-2024,2557.204237,1928.072721,47,5.4,1,19.33721788,119.0622742,153.9367091,11.89923624
Store_3,01-09-2024,7026.969592,3656.87754,57,5.2,0,18.85235526,67.4786715,126.8270974,6.607867687
Store_3,01-09-2024,14762.83271,3634.162063,57,9.4,0,26.12999376,149.4564257,143.9772217,9.056873705
Store_2,01-09-2024,10949.14575,2080.990769,30,1.1,1,0.843565604,91.7968508,150.1325173,8.386940671
Store_9,01-09-2024,7127.712235,1842.819855,49,6,0,10.93290531,72.36025483,125.6450447,11.91999496
Store_4,01-09-2024,14510.63412,4896.777775,51,6.4,1,2.865324455,71.02761779,127.138027,10.38257876
Store_7,08-09-2024,2182.361312,1966.002512,86,4.9,0,29.24526923,113.0588697,136.2247756,10.74333306
Store_4,08-09-2024,8908.993135,4914.101874,98,7,1,-2.483314244,76.24160817,137.4485767,6.251558494
Store_1,08-09-2024,7512.565174,3989.777626,81,3.5,0,27.96757147,97.5170866,124.8755685,10.72262548
Store_10,08-09-2024,8385.883253,1625.906864,37,4,0,1.499641787,132.9643805,135.5248583,8.642989024
Store_19,08-09-2024,2420.337734,3494.972339,25,5.9,1,31.35241533,138.9687413,131.081018,10.14426867
Store_15,08-09-2024,14171.19612,4057.762912,25,3.1,1,36.04934071,110.4173938,149.7417708,13.48360587
Store_16,08-09-2024,10767.11454,2654.5707,12,6.8,0,17.15651719,143.0005378,152.0657036,14.76564957
Store_10,08-09-2024,9925.821531,3954.892603,95,3.6,0,17.9278993,103.2086824,147.8488574,13.61609982
Store_7,08-09-2024,5672.641423,3618.602747,10,4.6,0,3.918837389,73.66331315,137.6301977,14.23878734
Store_1,15-09-2024,9876.856233,1662.999119,24,6,0,38.21650486,143.482204,147.5317199,10.64934454
Store_8,15-09-2024,17450.15018,3993.423415,56,5.8,1,33.54573949,75.41472801,134.0108948,12.04725221
Store_18,15-09-2024,4053.724128,2728.07571,29,2,1,-0.731786304,140.5582138,147.0936738,11.34586151
Store_7,15-09-2024,3673.831517,4607.760787,19,2.1,1,11.91870499,78.26673605,151.1348762,5.935395289
Store_18,15-09-2024,4371.117922,2129.984264,92,7.8,1,15.73027562,57.44284184,147.435051,9.205804347
Store_20,22-09-2024,13968.41104,1017.453079,26,9.1,0,13.49241486,111.91214,147.6745563,10.01069747
Store_14,22-09-2024,19663.34763,3566.937589,16,7.5,1,19.93446762,54.60691697,151.8779002,14.13521041
Store_15,22-09-2024,14684.25373,2361.548417,29,1.8,1,9.703250076,99.45970528,137.5319443,6.305360157
Store_8,22-09-2024,14121.7838,1616.580173,92,9.3,1,21.83559239,76.76684372,126.5887099,9.434307351
Store_9,22-09-2024,4654.145481,3035.562222,85,5.3,1,-2.735468018,146.2365316,124.1258704,4.617429419
Store_5,29-09-2024,10960.62514,3720.447542,69,2,1,1.42535365,122.2373508,158.777575,9.144280669
Store_15,29-09-2024,17681.68068,2427.543901,36,1.5,1,13.61494856,52.46972977,123.5852709,14.98340783
Store_7,29-09-2024,9324.343293,1157.838132,91,5,1,23.82012733,74.63482472,155.3134596,8.971794654
Store_19,29-09-2024,18164.54988,2907.373873,35,9.1,1,30.80102693,132.7581217,120.2139595,5.640795057
Store_7,29-09-2024,13224.54238,3576.596886,29,8.4,1,9.400725089,109.9011044,124.7384682,8.268350928
Store_16,29-09-2024,2635.604389,2666.263314,94,9.6,1,3.819108312,138.148582,149.6924098,5.671790823
Store_16,29-09-2024,18796.03996,3778.381709,63,5.6,1,1.965371568,122.9889118,158.5113923,13.9077707
Store_3,29-09-2024,4193.94968,4336.578388,16,7.1,0,35.09382481,67.10859669,144.1502058,10.19236262
Store_19,29-09-2024,7398.544007,1889.445219,64,5.4,1,29.85936789,52.30470884,158.4599872,6.56991204
Store_2,29-09-2024,2660.984525,1296.42169,97,8.7,0,16.35039309,62.50889098,131.2254232,9.682132958
Store_16,29-09-2024,10342.89279,4462.308582,42,2.1,1,20.40673366,87.89559098,145.7887991,6.8757448
Store_15,06-10-2024,13741.24967,1874.862452,82,5.7,0,26.80616183,66.85990484,122.7944768,7.04685301
Store_11,06-10-2024,4987.188115,1324.596714,69,6.8,0,19.21425989,144.2185454,152.1230257,8.294413227
Store_4,06-10-2024,13469.62658,4172.571496,36,8,0,24.96762247,65.73715833,151.6875975,12.81581725
Store_3,06-10-2024,18819.84848,1537.740518,52,4.3,1,3.873234189,83.73590784,123.8450341,7.845732063
Store_15,06-10-2024,9822.727295,4582.69911,66,5.3,0,31.51596726,87.34445911,159.8241681,12.75818577
Store_20,06-10-2024,3502.35353,1993.505041,44,4.5,1,11.17407221,120.2866444,137.6491868,8.144701701
Store_17,06-10-2024,3053.916726,2061.30455,68,7.7,1,2.565314392,121.9959539,120.8881125,7.932566323
Store_15,06-10-2024,15131.14812,4450.561885,90,5,0,26.13673135,131.2732904,135.111873,13.04662972
Store_4,06-10-2024,19272.3796,2879.953073,49,5.7,1,37.62188212,89.9719551,132.5973291,9.234022257
Store_17,06-10-2024,19341.09982,2143.033298,73,1,1,23.26929687,147.2053475,142.0526956,14.12839691
Store_13,06-10-2024,5333.520222,1646.685745,97,1.8,0,39.05263101,77.96738565,145.4677166,4.006775528
Store_12,06-10-2024,5193.71785,4801.836682,33,3,0,10.03204968,99.75660834,133.3347135,9.060336554
Store_17,06-10-2024,3898.526599,2632.606763,52,9.6,0,12.5245606,57.79938664,147.7283817,9.586101067
Store_2,06-10-2024,14518.40972,4454.19009,85,5.5,1,25.75432368,117.7037815,130.2664676,6.165672899
Store_20,06-10-2024,6579.048455,2805.176452,77,2.4,1,17.10986944,117.8660094,150.6305328,10.48504061
Store_1,13-10-2024,11863.2708,1248.812905,82,7.1,1,16.77447691,79.81503563,143.932243,9.681745718
Store_15,13-10-2024,8874.913514,2428.117376,75,8.3,0,-0.917560276,110.3803079,129.2033797,9.211667228
Store_13,13-10-2024,9738.759393,3647.875779,29,5.4,0,11.67211467,141.6643103,133.7802357,3.610247626
Store_1,13-10-2024,13455.22466,1561.298073,84,6.4,1,-4.590581842,100.0197936,151.4939539,13.13651
Store_17,13-10-2024,11891.53165,4091.685928,12,9.9,1,-0.538424948,76.25102905,121.7658225,10.28063496
Store_13,13-10-2024,6175.04773,1491.682714,49,6.4,1,35.93039923,137.4747073,139.5686499,8.661075713
Store_6,13-10-2024,10676.73905,4607.096114,92,6.8,0,4.796490949,106.9482388,157.5431296,5.150156096
Store_9,13-10-2024,2392.821142,1273.412801,79,4.8,0,11.50248589,80.22767005,155.9118323,6.196531697
Store_3,13-10-2024,5373.414994,3085.796097,56,1.4,1,32.10326814,98.93227475,138.7103292,12.14091248
Store_17,13-10-2024,13720.65653,2775.677818,73,6.7,0,21.19651613,87.32073691,150.5444192,9.06196822
Store_7,13-10-2024,16541.22695,1522.609375,98,7.1,0,17.2466865,73.31875544,141.195025,12.69788459
Store_15,13-10-2024,8836.144043,4922.957374,68,9.7,0,6.354523492,80.27676076,134.2115857,5.847052364
Store_15,20-10-2024,19125.26016,2395.282136,90,6.9,0,12.22750276,94.95833529,149.93501,13.25540956
Store_17,20-10-2024,6710.702307,3690.811977,22,4.8,0,37.65354553,68.35796274,130.2034889,3.913016721
Store_6,20-10-2024,3737.620464,1334.21735,61,3,0,29.5082004,80.963181,159.4343376,13.13051503
Store_20,20-10-2024,3975.251576,3830.885401,24,2.2,0,29.73262159,114.2110235,138.7384495,3.139738794
Store_8,20-10-2024,17146.05596,3010.524971,85,6.4,1,17.66737456,68.90776538,144.7338523,12.49623268
Store_17,20-10-2024,4560.488636,4594.242419,86,4.5,0,27.29026222,53.95575066,130.4266553,10.13198081
Store_9,20-10-2024,4090.501284,3253.581403,87,5.6,0,1.227891369,110.3222136,128.859742,11.34425101
Store_20,27-10-2024,7886.596908,3133.546515,50,3.8,1,2.915062754,102.7579622,122.1373841,4.726013652
Store_1,27-10-2024,15275.15047,4631.595175,46,7.6,0,18.32644585,103.3554434,150.2615433,6.613908237
Store_10,27-10-2024,10968.60228,4808.887143,78,2.2,1,34.416986,76.48163218,134.9575485,9.137610481
Store_13,27-10-2024,9538.279743,1226.342625,23,2.5,0,12.56073473,92.33580274,141.0056341,11.84180198
Store_1,27-10-2024,11452.94091,4075.691128,65,4.7,1,2.362729186,97.71098177,138.5356404,9.198558125
Store_4,27-10-2024,4436.373481,2586.214728,44,2.2,0,4.418773413,143.2443978,143.0879899,11.1425681
Store_9,27-10-2024,3873.973689,3080.679569,22,4.9,1,38.39589553,59.80445381,129.3432174,4.518543734
Store_12,27-10-2024,18315.87416,2227.106398,35,10,0,11.49480343,121.4702316,132.5347078,13.92953917
Store_11,27-10-2024,18771.56695,1880.445304,97,4.9,0,25.74290035,143.0448601,131.5173638,4.923708474
Store_18,27-10-2024,8921.203898,1039.915107,31,2.1,0,18.27093514,116.7415531,123.4080191,14.74627218
Store_12,03-11-2024,5524.003742,3506.370044,75,3.3,1,1.474058485,79.1196455,159.4209653,8.948604121
Store_13,03-11-2024,13566.17359,3915.924247,82,6.4,1,8.552901415,91.0932905,125.0662349,10.65516587
Store_17,03-11-2024,4520.433756,2865.239025,66,7.9,0,27.16132401,130.7477936,127.2487217,7.359893707
Store_5,03-11-2024,9443.883827,3951.478074,71,4,0,15.50050519,143.844764,123.1479431,10.08904466
Store_6,03-11-2024,7568.708922,3334.854351,35,7.5,1,11.44150787,114.0483293,147.2018423,14.86650855
Store_13,03-11-2024,3997.810446,2417.699795,22,9.2,0,33.56275584,74.99017216,158.2734267,3.270836359
Store_12,03-11-2024,14073.18161,4811.260068,72,3.7,0,9.82886862,139.5033859,137.9965112,8.526792091
Store_16,10-11-2024,9784.96181,4904.055293,85,9.5,1,15.10933878,73.09793105,125.2140672,10.65603882
Store_8,10-11-2024,4506.41668,2411.834014,56,4.9,0,11.80089225,143.7704615,131.8043544,13.15865187
Store_14,10-11-2024,6445.618383,4186.725589,40,8.1,1,6.635076864,75.276586,125.081343,9.01343641
Store_19,10-11-2024,17325.64924,2181.20591,71,2.8,0,4.484339474,100.30726,153.5683181,14.00518206
Store_5,10-11-2024,3120.915906,2189.163161,71,9.9,0,17.53944727,57.92496061,120.5579607,3.537017207
Store_10,10-11-2024,16515.26511,3396.178349,54,1.9,1,-0.61804719,88.62363953,134.6037568,6.361609425
Store_2,10-11-2024,2777.127244,3066.793541,73,7.1,1,8.729485907,93.24371667,136.593874,12.0201572
Store_10,10-11-2024,18057.5244,4227.861964,53,4.2,0,1.745916396,132.7924955,150.298762,11.64520443
Store_16,10-11-2024,9047.462567,2690.516788,27,7.2,1,39.97573065,137.9462694,146.1976442,13.74080068
Store_12,10-11-2024,15571.31426,1641.461624,32,9.2,0,14.11573816,104.3405852,121.9183093,3.850460408
Store_19,10-11-2024,18689.20075,3852.184203,24,2.9,0,23.35084063,146.8022172,154.7639627,3.589902283
Store_12,10-11-2024,7884.769094,2216.794879,88,2,0,19.51711041,69.1277371,146.5345044,8.532402817
Store_5,10-11-2024,18540.67761,1407.214732,65,10,0,32.43736938,141.082422,142.0731493,5.414075605
Store_2,10-11-2024,6206.817474,3827.90595,71,8.9,1,7.66647861,129.5544392,137.2603248,7.155192609
Store_14,10-11-2024,13107.19729,1274.854711,94,5.8,0,33.04798649,52.25685832,148.5040563,3.910459695
Store_8,10-11-2024,11310.84302,1410.063856,39,1.5,0,21.08971488,126.9973618,141.3688164,9.52163844
Store_3,10-11-2024,12700.57403,3012.335803,32,6.2,1,31.88546513,130.5093377,156.9687374,11.78685497
Store_3,10-11-2024,8396.922236,2700.912742,30,4.3,1,35.76602521,111.3401847,121.8966254,11.59397446
Store_20,10-11-2024,5123.44127,1446.048849,34,6.1,1,39.80403295,96.54869724,155.5127056,6.835824747
Store_1,10-11-2024,4880.448856,4057.413546,32,6.5,1,2.725518777,115.0606523,144.1795593,6.963530106
Store_18,17-11-2024,14244.10003,2038.167133,94,3.4,1,16.83807853,84.56201689,156.3375019,4.29509466
Store_9,17-11-2024,5624.548078,1060.442737,40,4.6,0,36.77676484,146.3916012,124.3184979,9.262613543
Store_9,17-11-2024,10945.34269,3711.252801,68,2.5,0,31.5913902,107.8072102,134.3136463,10.78896722
Store_17,17-11-2024,15010.65746,3818.217712,59,4.1,1,15.87144211,135.3395734,156.8583094,3.50801391
Store_13,17-11-2024,12170.39587,1744.543591,62,7.2,0,5.956016983,114.8102127,147.322783,6.952242291
Store_1,17-11-2024,16828.22692,4127.839909,84,2.1,1,32.87269569,75.94491711,145.4062796,14.38883272
Store_8,17-11-2024,4455.915546,3499.135451,17,5.9,0,6.932683353,132.5888226,141.957301,13.74974522
Store_14,17-11-2024,17198.42749,1031.366363,83,2.2,0,35.84925596,134.2554501,130.9958263,10.10297285
Store_1,17-11-2024,8358.525353,4774.806371,73,1.2,0,-1.719569666,50.02410047,130.2946183,9.938757434
Store_19,17-11-2024,9100.573014,3718.481331,18,7,1,8.01176505,104.661494,140.6499129,8.155232921
Store_4,17-11-2024,3785.205793,2328.764132,96,6.8,1,28.3897926,109.2482994,156.2128731,13.46527276
Store_4,17-11-2024,7484.224504,2149.638386,13,1.6,0,4.191541057,126.7233394,122.1619051,10.02145993
Store_18,24-11-2024,7658.302037,3153.327773,34,7.9,0,21.83163589,120.6642522,138.7143785,10.81437255
Store_16,24-11-2024,6682.840237,2495.684188,87,2.1,1,21.03537695,50.93102908,128.1197424,8.711306611
Store_17,24-11-2024,2028.171893,3072.032266,52,6.1,1,36.67868439,72.45823827,142.2819034,7.357591083
Store_3,24-11-2024,4049.091083,2478.296798,13,6.7,1,30.95869656,61.28581447,147.5212208,11.37858544
Store_20,24-11-2024,11314.03433,3768.294588,47,2.8,0,25.87410193,86.72777013,156.059434,3.236198585
Store_6,24-11-2024,3450.827248,4868.141101,99,4.3,1,26.38442278,105.9890532,154.9356583,13.84778036
Store_12,24-11-2024,5320.572556,3908.227046,64,8.9,0,23.16285377,138.6831539,152.1024299,13.26489795
Store_4,24-11-2024,19894.5085,2440.935675,71,9.4,0,15.06489789,102.0323626,135.2458753,14.91364774
Store_2,01-12-2024,12986.0081,4313.877198,64,1.5,1,23.29303068,144.377412,156.5846582,7.69310693
Store_5,01-12-2024,15961.01332,2801.016985,15,3.9,1,34.65628068,147.8265464,153.6575904,13.82694748
Store_16,01-12-2024,13032.91248,4803.714378,49,7,1,31.65812752,70.51871429,154.8078676,14.43749535
Store_8,01-12-2024,2464.614325,3710.16907,87,5.7,1,19.43232,69.95716159,128.8459044,13.95101062
Store_13,01-12-2024,5384.445223,2129.889705,12,9.2,0,9.3651384,145.9024176,135.5540599,6.891763967
Store_15,01-12-2024,14700.54553,1155.917283,24,2.1,1,33.4479781,139.4761987,156.2897267,7.762655739
Store_3,01-12-2024,14458.90415,2592.021172,10,8.2,1,35.16110923,113.8139903,126.7533443,14.76062332
Store_5,01-12-2024,17726.57468,3028.238587,89,6,1,28.97196429,102.8584201,150.8812714,11.36509366
Store_14,01-12-2024,9911.210395,4080.632847,40,6,1,2.405472629,98.30662452,139.6886473,14.83696822
Store_9,01-12-2024,10172.02918,1161.403307,89,3.6,0,-0.416873069,74.5279305,129.3221275,14.79225888
Store_1,08-12-2024,19384.7989,3085.184191,68,7.2,1,23.03293199,55.23471784,159.6836875,10.5214058
Store_18,08-12-2024,9226.897686,3774.47223,57,7.7,1,-2.647440353,133.5571705,123.3215503,6.4672442
Store_6,08-12-2024,19237.25512,4639.772575,65,1.8,0,11.26930845,117.6093034,142.4277793,7.69745125
Store_14,08-12-2024,14353.88954,3620.694858,68,6.8,1,-3.22620867,57.86976752,135.5253232,5.960261157
Store_15,15-12-2024,7040.671932,4435.057117,37,6,1,10.85039388,94.66887217,159.2259288,11.05169651
Store_15,15-12-2024,14216.05922,2083.770793,69,8.2,0,18.48238939,90.89272358,123.6414526,14.35517392
Store_1,15-12-2024,11732.57258,1645.451204,55,5.2,1,37.64043068,60.06199772,124.6751504,6.424863484
Store_8,15-12-2024,3443.240253,3529.565297,47,5.8,1,17.62525488,75.25860067,134.9460119,3.401255827
Store_12,15-12-2024,4700.875964,1537.099404,61,8.9,0,32.14906787,97.08164194,155.8040012,3.801003058
Store_3,15-12-2024,7820.688118,1217.328139,97,5.3,1,10.40014862,123.9474654,148.7783987,7.978171279
Store_4,15-12-2024,2756.444153,4435.267085,99,7.7,0,18.04398595,67.57152458,140.3889269,5.385942363
Store_19,15-12-2024,19421.48063,4086.507644,15,8.8,0,13.80928385,105.0690545,139.9147672,6.270692986
Store_9,15-12-2024,11604.84584,2756.599267,65,5.9,1,15.37975122,120.8900006,129.4828156,10.96950887
Store_9,22-12-2024,19330.58643,3775.798362,83,7.8,0,29.28704691,58.59103882,150.4281922,9.331493482
Store_9,22-12-2024,7079.367344,4485.656137,36,4.7,1,-0.931145999,143.3987419,146.5629648,14.19415466
Store_1,22-12-2024,5147.095291,3123.750714,47,8.6,0,6.061836416,139.6236249,153.9507034,4.680537746
Store_9,22-12-2024,18549.05552,1862.962717,77,5,1,5.485853398,67.9651218,133.8331428,9.786689799
Store_14,22-12-2024,12206.2927,1910.998944,30,10,1,-3.49593924,135.8744969,143.1150833,6.906040058
Store_5,29-12-2024,13841.21548,3277.509445,27,3.8,1,-2.470374254,65.19801825,154.838704,6.026677611
Store_6,29-12-2024,3127.757662,2150.530916,43,6.4,1,1.903579708,106.5747307,142.5132095,9.442418616
Store_17,29-12-2024,11976.07725,1511.467205,93,9.1,0,3.033390517,56.69910944,144.1752288,6.495524966
Store_4,29-12-2024,10286.44888,4764.48325,26,5.4,1,34.70985361,119.0615312,157.261402,6.528040663
Store_1,29-12-2024,4964.714362,2003.572183,17,8.4,0,19.72353244,52.34329554,143.5574409,7.573206163
Store_5,29-12-2024,13740.03667,3142.626397,77,1,0,18.76799746,137.1551856,146.1462591,6.359247956
Store_2,29-12-2024,14113.3992,4259.758914,48,4.9,0,20.60146326,120.5496652,122.4617214,5.653479155
Store_10,29-12-2024,17958.87587,4140.758173,68,8.9,0,13.50072752,131.1967742,134.5405783,8.548337367
Store_9,29-12-2024,9146.270742,2402.082137,10,2.5,0,-2.645021421,133.6927833,127.421039,9.534375515
Store_18,29-12-2024,3241.244294,2239.151437,24,7,1,36.40180236,101.8399627,157.4779702,10.1915228
